UIDN,OIDN,Ondernemingsnr,Maatschappelijke_naam,Commerciele_naam,Afgekorte_naam,Ondernemingsnr_maatsch_zetel,Type_onderneming,Rechtsvorm,Rechtstoestand,KBO_Straat,KBO_Huisnr,KBO_Busnr,KBO_Postcode,KBO_Gemeente,AR_straat,AR_huisnr,AR_busnr,AR_postcode,NACE_hoofdact_BTW,NACE_versie_BTW,Omschrijving_hoofdact_BTW,Aantal_hoofdact_BTW,NACE_hoofdact_RSZ,NACE_Versie_RSZ,Omschrijving_hoofdact_RSZ,Aantal_Hoofdact_RSZ,Personeelsklasse,Datum_inschrijving,Startdatum,longitude,latitude
4563209,4061998,0415708742,FOOTBALL CLUB KONINGSHOF, , , ,Rechtspersoon,Naamloze vennootschap,Normale toestand,Zilverstraat,53, ,2900,Schoten,Zilverstraat,53, ,2900, , , ,0, , , ,0, ,2003-01-18T00:00:00Z,1975-09-16T00:00:00Z,4.52738857,51.2662707
4647135,4144056,2285533695,SDG-consultancy,SDG-consultancy, ,0719273014, , , ,Gelmelenstraat,204, ,2900,Schoten,Gelmelenstraat,204, ,2900, , , ,0, , , ,0, ,2019-02-25T00:00:00Z,2019-01-23T00:00:00Z,4.49742303,51.25601848
4648876,4145710,2285858349,siSYSTEMS, , ,0809024441, , , ,Zilverstraat,31, ,2900,Schoten,Zilverstraat,31, ,2900, , , ,0, , , ,0, ,2019-03-04T00:00:00Z,2009-01-12T00:00:00Z,4.52569315,51.26417511
4649309,4146118,2285911304,"Nuis, Cornelia",Firma Nuis, ,0721851333, , , ,Alice Nahonlei,68, ,2900,Schoten,Alice Nahonlei,68, ,2900, , , ,0, , , ,0, ,2019-03-05T00:00:00Z,2019-01-02T00:00:00Z,4.5380176,51.26142131
4666982,4162831,2288075392,COJA,COJA, ,0725606718, , , ,Alfons Servaislei,53, ,2900,Schoten,Alfons Servaislei,53, ,2900, , , ,0, , , ,0, ,2019-04-24T00:00:00Z,2003-01-28T00:00:00Z,4.52642987,51.2547484
4669403,4165114,2288443497,DRT,DRT, ,0725939585, , , ,Heidebloemlei,48, ,2900,Schoten,Heidebloemlei,48, ,2900, , , ,0, , , ,0, ,2019-05-02T00:00:00Z,2014-12-02T00:00:00Z,4.51585838,51.25672781
4669996,4165662,2288652147,BMS,BMS, ,0726452301, , , ,Eekhoornlei,14, ,2900,Schoten,Eekhoornlei,14, ,2900, , , ,0, , , ,0, ,2019-05-06T00:00:00Z,2018-04-30T00:00:00Z,4.52603358,51.26126615
4676994,4172442,2288161407,SKYLINE,SKYLINE, ,0725680358, , , ,Horstebaan,165, ,2900,Schoten,Horstebaan,165, ,2900, , , ,0, , , ,0, ,2019-04-25T00:00:00Z,2013-04-15T00:00:00Z,4.48078521,51.25946793
4679690,4175138,2288833081,H.SELS,H.SELS, ,0726614726, , , ,Ransuildreef,4, ,2900,Schoten,Ransuildreef,4, ,2900, , , ,0, , , ,0, ,2019-05-09T00:00:00Z,2014-03-03T00:00:00Z,4.52005646,51.24721621
4680839,4176287,2286627619,MA2BIKA,MA2BIKA, ,0723441935, , , ,Louis Vervoortlaan,28, ,2900,Schoten,Louis Vervoortlaan,28, ,2900, , , ,0, , , ,0, ,2019-03-21T00:00:00Z,2018-10-12T00:00:00Z,4.48172942,51.25549305
4681472,4176920,2287653344,FAMILIE VERHOEVEN – SLEURS,FAMILIE VERHOEVEN – SLEURS, ,0724834775, , , ,Beatrijslaan,2, ,2900,Schoten,Beatrijslaan,2, ,2900, , , ,0, , , ,0, ,2019-04-11T00:00:00Z,2017-04-19T00:00:00Z,4.51973441,51.26126414
4702797,4198245,2285895763,M2L,M2L, ,0720626460, , , ,Goudvinkendreef,16, ,2900,Schoten,Goudvinkendreef,16, ,2900, , , ,0, , , ,0, ,2019-03-05T00:00:00Z,2019-01-01T00:00:00Z,4.52515952,51.24209491
4762202,4257290,2289057171,Groepspraktijk Kompas,Groepspraktijk Kompas, ,0667549743, , , ,Jozef Hendrickxstraat,138, ,2900,Schoten,Jozef Hendrickxstraat,138, ,2900, , , ,0, , , ,0, ,2019-05-16T00:00:00Z,2018-02-01T00:00:00Z,4.48732176,51.24911108
4766222,4260864,2289410727,"Verdoorent, Cindy", , ,0720815314, , , ,Brechtsebaan,268, ,2900,Schoten,Brechtsebaan,268, ,2900, , , ,0, , , ,0, ,2019-05-27T00:00:00Z,2019-02-16T00:00:00Z,4.52480369,51.27598988
4867429,4361407,2289858808,MOGUDA,MOGUDA, ,0722656631, , , ,Meibloemlei,5, ,2900,Schoten,Meibloemlei,5, ,2900, , , ,0, , , ,0, ,2019-06-12T00:00:00Z,2019-03-12T00:00:00Z,4.53081614,51.26284501
4886274,4379277,2290951740,KELDERMAN, , ,0730584501, , , ,Taxanderlei,54, ,2900,Schoten,Taxanderlei,54, ,2900, , , ,0, , , ,0, ,2019-07-11T00:00:00Z,2016-05-01T00:00:00Z,4.52016311,51.24935232
4890490,4383138,2291181471,Hifinesse Consulting,Hifinesse Consulting, ,0727628177, , , ,Groenendaallei,2, ,2900,Schoten,Groenendaallei,2, ,2900, , , ,0, , , ,0, ,2019-07-17T00:00:00Z,2019-05-29T00:00:00Z,4.5348184,51.26530968
4892491,4384914,2291317370,"De Roeck, Stephaan", , ,0646217562, , , ,Heidebloemlei,48, ,2900,Schoten,Heidebloemlei,48, ,2900, , , ,0, , , ,0, ,2019-07-22T00:00:00Z,2019-07-11T00:00:00Z,4.51585838,51.25672781
4912455,4402280,2293452756,BELHOEVE,BELHOEVE, ,0734844680, , , ,Ooievaarsdreef,1, ,2900,Schoten,Ooievaarsdreef,1, ,2900, , , ,0, , , ,0, ,2019-09-24T00:00:00Z,2015-11-25T00:00:00Z,4.49666593,51.27955463
4915741,4405306,2293237475,"Van Tricht, Marie", , ,0734634250, , , ,Heidebloemlei,35, ,2900,Schoten,Heidebloemlei,35, ,2900, , , ,0, , , ,0, ,2019-09-19T00:00:00Z,2019-10-01T00:00:00Z,4.51770711,51.25669421
4919759,4409011,2293732076,"Vandenbussche, Joffrey",Joffrey VDB Productions, ,0734981173, , , ,Zaatstraat,110,3,2900,Schoten,Zaatstraat,110,3,2900, , , ,0, , , ,0, ,2019-10-01T00:00:00Z,2019-10-01T00:00:00Z,4.50889455,51.25656265
4935799,4423047,2295012278,Maatschap Steven,Maatschap Steven, ,0736912562, , , ,Leeuwerikenlei,5, ,2900,Schoten,Leeuwerikenlei,5, ,2900, , , ,0, , , ,0, ,2019-10-29T00:00:00Z,2019-09-23T00:00:00Z,4.52038818,51.25358156
4939821,4426056,2293588160,"Debbaut, Laura",onyx, ,0731662387, , , ,Vijverlei,23, ,2900,Schoten,Vijverlei,23, ,2900, , , ,0, , , ,0, ,2019-09-26T00:00:00Z,2019-07-29T00:00:00Z,4.53119844,51.26147594
4947503,4433026,2295701770,"Geerinckx, Lieve",LIEVE GEERINCKX, ,0737664016, , , ,Kraaienlei,36, ,2900,Schoten,Kraaienlei,36, ,2900, , , ,0, , , ,0, ,2019-11-20T00:00:00Z,2019-11-13T00:00:00Z,4.51567392,51.24733465
4961498,4445670,2296198252,TM SCA-infra, , ,0738706567, , , ,Brechtsebaan,720-722, ,2900,Schoten,Brechtsebaan,720, ,2900, , , ,0, , , ,0, ,2019-12-05T00:00:00Z,2019-12-03T00:00:00Z,4.5464673,51.2932736
4962924,4447096,2295939124,FRIKKE,Frikke, ,0737686087, , , ,Columbuslei,15, ,2900,Schoten,Columbuslei,15, ,2900, , , ,0, , , ,0, ,2019-11-27T00:00:00Z,2019-11-14T00:00:00Z,4.52813976,51.27081791
5238667,4721150,0417258762,Jokama, , , ,Rechtspersoon,Naamloze vennootschap,Normale toestand,Neerhoeve,40, ,2900,Schoten,Neerhoeve,40, ,2900, , , ,0, , , ,0, ,2003-01-18T00:00:00Z,1977-02-17T00:00:00Z,4.48919823,51.2519794
5296201,4397553,2292781080,DOKTER SPRINGAEL REINHILDE,DOKTER SPRINGAEL REINHILDE, ,0479120612, , , ,Koningshoflei,6, ,2900,Schoten,Koningshoflei,6, ,2900, , , ,0, , , ,0, ,2019-09-06T00:00:00Z,2002-12-23T00:00:00Z,4.53470285,51.26332713
5477148,1240229,0535750103,"Vereniging van Mede-eigenaars van gebouw te Schoten, Eethuisstraat 5 (Residentie Rembrandt)", , , ,Rechtspersoon,Vereniging van Mede-eigenaars,Normale toestand,Eethuisstraat,5, ,2900,Schoten,Eethuisstraat,5, ,2900, , , ,0, , , ,0, ,2013-06-17T00:00:00Z,1995-08-01T00:00:00Z,4.46549345,51.24955855
5485383,1259534,0450291618,De Cesuur, , , ,Rechtspersoon,Vereniging zonder winstoogmerk,Vervroegde ontbinding - Vereffening (vrijwillig ontbinding),Deuzeldlaan,208, ,2900,Schoten,Deuzeldlaan,208, ,2900, , , ,0, , , ,0, ,2003-01-18T00:00:00Z,1993-05-09T00:00:00Z,4.46015385,51.24700224
5538511,1384359,0439982991,ORIENTAL TRAVEL SERVICE SCHOTEN, , , ,Rechtspersoon,Naamloze vennootschap,Vervroegde ontbinding - Vereffening (vrijwillig ontbinding),Jozef Hendrickxstraat,60, ,2900,Schoten,Jozef Hendrickxstraat,60, ,2900, , , ,0, , , ,0, ,2003-01-18T00:00:00Z,1990-01-18T00:00:00Z,4.49202768,51.24932798
5546413,1402840,0410637721,Vereniging van Schotenhof, , , ,Rechtspersoon,Vereniging zonder winstoogmerk,Normale toestand,Nachtegalenlei,50, ,2900,Schoten,Nachtegalenlei,50, ,2900, , , ,0, , , ,0, ,2003-01-18T00:00:00Z,1931-02-14T00:00:00Z,4.53264455,51.2556951
5617544,1569757,0409952088,Gezondheidscentrum St Jozef, , , ,Rechtspersoon,Vereniging zonder winstoogmerk,Vervroegde ontbinding - Vereffening (vrijwillig ontbinding),Paalstraat,285, ,2900,Schoten,Paalstraat,285, ,2900, , , ,0, , , ,0, ,2003-01-18T00:00:00Z,1968-02-29T00:00:00Z,4.50583235,51.25972815
5683366,1724188,0403750127,Drukkerij L. Van Mechelen, , , ,Rechtspersoon,Naamloze vennootschap,Vervroegde ontbinding - Vereffening (vrijwillig ontbinding),Constant Neutjensstraat,45-47, ,2900,Schoten,Constant Neutjensstraat,45, ,2900, , , ,0, , , ,0, ,2003-01-18T00:00:00Z,1948-06-28T00:00:00Z,4.49447184,51.25216479
5720544,1811220,0400901592,Indugas, , , ,Rechtspersoon,Naamloze vennootschap,Vervroegde ontbinding - Vereffening (vrijwillig ontbinding),Metropoolstraat,3, ,2900,Schoten,Metropoolstraat,3, ,2900, , , ,0, , , ,0, ,2003-01-18T00:00:00Z,1959-01-17T00:00:00Z,4.4895753,51.24141497
5744553,1867608,0440261125,IMMOZET, , , ,Rechtspersoon,Naamloze vennootschap,Vervroegde ontbinding - Vereffening (vrijwillig ontbinding),Schijnparklaan,51, ,2900,Schoten,Schijnparklaan,51, ,2900, , , ,0, , , ,0, ,2003-01-18T00:00:00Z,1990-02-23T00:00:00Z,4.5228883,51.24025323
5753518,1888826,0404731609,La Rural Belga Sud-Americana, , , ,Rechtspersoon,Naamloze vennootschap,Vervroegde ontbinding - Vereffening (vrijwillig ontbinding),Liebiglaan,11, ,2900,Schoten,Liebiglaan,11, ,2900, , , ,0, , , ,0, ,2003-01-18T00:00:00Z,1968-01-01T00:00:00Z,4.47763166,51.24204458
5787694,1968793,0429614780,HUIDEVETTER, , , ,Rechtspersoon,Naamloze vennootschap,Normale toestand,Sint-Benedictusdreef,12, ,2900,Schoten,Sint-Benedictusdreef,12, ,2900, , , ,0, , , ,0, ,2003-01-18T00:00:00Z,1986-10-17T00:00:00Z,4.52833856,51.24789477
5893837,2218268,0403744880,Tennis Park, , , ,Rechtspersoon,Naamloze vennootschap,Normale toestand,Mastendreef,10, ,2900,Schoten,Mastendreef,10, ,2900, , , ,0, , , ,0, ,2003-01-18T00:00:00Z,1938-10-13T00:00:00Z,4.5169185,51.25976928
5993805,2473591,0403725183,Immomex, , , ,Rechtspersoon,Naamloze vennootschap,Normale toestand,Ridder Walter Van Havrelaan,17,3,2900,Schoten,Ridder Walter Van Havrelaan,17,3,2900, , , ,0, , , ,0, ,2003-01-18T00:00:00Z,1968-01-01T00:00:00Z,4.49693814,51.25652864
6121236,4255667,2283748994,BVS Consultancy,BVS Consultancy, ,0715801503, , , ,Ambiorixlei,5, ,2900,Schoten,Ambiorixlei,5, ,2900, , , ,0, , , ,0, ,2019-01-16T00:00:00Z,2018-12-13T00:00:00Z,4.52255806,51.26603208
6299652,4375161,2290722504,"Stessel, Sofie", , ,0729524033, , , ,Alfons Heulensstraat,47, ,2900,Schoten,Alfons Heulensstraat,47, ,2900, , , ,0, , , ,0, ,2019-07-04T00:00:00Z,2019-06-27T00:00:00Z,4.48350598,51.25045043
6491355,4181647,2279576016,"Cools, Anne",KooMo, ,0704850005, , , ,Lindenlei,4,1,2900,Schoten,Lindenlei,4,1,2900, , , ,0, , , ,0, ,2018-09-21T00:00:00Z,2018-10-01T00:00:00Z,4.51458515,51.25164634
6503159,4361602,2289821986,GVL DESIGN,GVL DESIGN, ,0727414183, , , ,Churchilllaan,312, ,2900,Schoten,Churchilllaan,312, ,2900, , , ,0, , , ,0, ,2019-06-11T00:00:00Z,2019-05-23T00:00:00Z,4.48173331,51.24963268
6649409,4146133,2285930209,Ski High, , ,0708970327, , , ,Rozenlaan,20, ,2900,Schoten,Rozenlaan,20, ,2900, , , ,0, , , ,0, ,2019-03-05T00:00:00Z,2018-10-12T00:00:00Z,4.50647399,51.25722282
6720854,4531534,0448961233,DOMEGO, , , ,Rechtspersoon,Besloten vennootschap met beperkte aansprakelijkheid,Normale toestand,Schijnparklaan,31, ,2900,Schoten,Schijnparklaan,31, ,2900, , , ,0, , , ,0, ,2003-01-18T00:00:00Z,1992-12-18T00:00:00Z,4.5206885,51.24263755
6725566,4259236,2289280469,LMB Management,LMB Management, ,0726757355, , , ,Beatrijslaan,1A, ,2900,Schoten,Beatrijslaan,1A, ,2900, , , ,0, , , ,0, ,2019-05-22T00:00:00Z,2019-05-15T00:00:00Z,4.51911899,51.26113496
6942899,4445741,2296448373,Consult4Results,Consult4Results, ,0738908782, , , ,Sint-Maria-ten-Boslei,12,4,2900,Schoten,Sint-Maria-ten-Boslei,12,4,2900, , , ,0, , , ,0, ,2019-12-12T00:00:00Z,2019-12-10T00:00:00Z,4.53196767,51.26837947
7023207,4518730,0403712515,Dennenweelde, , , ,Rechtspersoon,Besloten vennootschap met beperkte aansprakelijkheid,Vervroegde ontbinding - vereffening (vrijwillige ontbinding),Alice Nahonlei,86, ,2900,Schoten,Alice Nahonlei,86, ,2900, , , ,0, , , ,0, ,2003-01-18T00:00:00Z,1935-11-07T00:00:00Z,4.53789531,51.26477401
7023224,4519034,0403713604,Garage Deuzeld, , , ,Rechtspersoon,Besloten vennootschap met beperkte aansprakelijkheid,Vervroegde ontbinding - vereffening (vrijwillige ontbinding),Deuzeldlaan,167, ,2900,Schoten,Deuzeldlaan,167, ,2900, , , ,0, , , ,0, ,2003-01-18T00:00:00Z,1968-01-01T00:00:00Z,4.4601806,51.24517768
7023504,4524034,0424471604,Handelsmaatschappij Stefens en Co, , , ,Rechtspersoon,Besloten vennootschap met beperkte aansprakelijkheid,Vervroegde ontbinding - vereffening (vrijwillige ontbinding),Zilvervosdreef,44B, ,2900,Schoten,Zilvervosdreef,44B, ,2900, , , ,0, , , ,0, ,2003-01-18T00:00:00Z,1983-04-01T00:00:00Z,4.50654975,51.27244522
7023590,4583613,0403736566,Algemeen Bouwbedrijf V. Pollet, , , ,Rechtspersoon,Besloten vennootschap met beperkte aansprakelijkheid,Vervroegde ontbinding - vereffening (vrijwillige ontbinding),Ambiorixlei,20, ,2900,Schoten,Ambiorixlei,20, ,2900, , , ,0, , , ,0, ,2003-01-18T00:00:00Z,1964-02-07T00:00:00Z,4.52453915,51.26613797
7155340,4164522,2288355308,TESS CUYVERS ARCHITECT,TESS CUYVERS ARCHITECT, ,0725619980, , , ,Villerslei,74, ,2900,Schoten,Villerslei,74, ,2900, , , ,0, , , ,0, ,2019-04-30T00:00:00Z,2019-04-24T00:00:00Z,4.5117626,51.25212061
7549250,4411978,2294007438,Triple eight,Full Circle Coaching, ,0734905157, , , ,Lusthofdreef,22, ,2900,Schoten,Lusthofdreef,22, ,2900, , , ,0, , , ,0, ,2019-10-04T00:00:00Z,2019-09-25T00:00:00Z,4.52652932,51.25694986
7833936,4183504,2286378486,TOKYRMEN,TOKYRMEN, ,0722799260, , , ,Boekweitstraat,48, ,2900,Schoten,Boekweitstraat,48, ,2900, , , ,0, , , ,0, ,2019-03-15T00:00:00Z,2015-09-12T00:00:00Z,4.50215883,51.25884406
7885834,5284981,1000812643,A & Co Invest, , , ,Rechtspersoon,Besloten Vennootschap,Normale toestand,Bredabaan,1165, ,2900,Schoten,Bredabaan,1165, ,2900, , , ,0, , , ,0, ,2023-10-05T00:00:00Z,2023-10-05T00:00:00Z,4.46500558,51.26116559
7886949,4387158,2290828016,"Saidi, Mohammad",Saidi Mohammad, ,0729914706, , , ,Kuipersakkerstraat,135, ,2900,Schoten,Kuipersakkerstraat,135, ,2900, , , ,0, , , ,0, ,2019-07-08T00:00:00Z,2019-08-01T00:00:00Z,4.51186887,51.24868345
8040837,4362562,2289956796,Marcura,Marcura, ,0727841280, , , ,Botermelkbaan,2,A,2900,Schoten,Botermelkbaan,2, ,2900, , , ,0, , , ,0, ,2019-06-14T00:00:00Z,2019-06-06T00:00:00Z,4.52801235,51.27590047
8045561,4407408,2293517389,"Mattheeusen, Glenn",GM Works, ,0734856756, , , ,Emiel Blangenoisstraat,3, ,2900,Schoten,Emiel Blangenoisstraat,3, ,2900, , , ,0, , , ,0, ,2019-09-26T00:00:00Z,2019-10-01T00:00:00Z,4.50386714,51.25670263
8190977,5301233,0211541261,Kerkfabriek Onze-Lieve-Vrouw Koningin van alle Heiligen te Koningshof-Berkenrode (VL - Schoten), , , ,Rechtspersoon,Openbare instelling,Normale toestand,Ruusbroeckplein,-, ,2900,Schoten,Ruusbroeckplein, , , , , , ,0, , , ,0, ,2003-01-18T00:00:00Z,1968-01-01T00:00:00Z,2.30668925,49.2933354
8196220,5306476,0403716869,Maatschappij voor de Exploitatie van de Private Spoorverbinding van Merksem en Schoten, , , ,Rechtspersoon,Coöperatieve Vennootschap (oud statuut),Ontbinding van rechtswege door het verstrijken van de duur,Metropoolstraat,ZN, ,2900,Schoten,Metropoolstraat, , , , , , ,0, , , ,0, ,2003-01-18T00:00:00Z,1968-01-01T00:00:00Z,2.30668925,49.2933354
8204987,5315243,0781942041,"Hoofdvereniging van Mede-eigenaars van het gebouwencomplex DE VAART te Schoten, Heikantstraat 114-122", , , ,Rechtspersoon,Vereniging van Mede-eigenaars,Normale toestand,Heikantstraat,114-122,Blok,2900,Schoten,Heikantstraat,118,1,2900, , , ,0, , , ,0, ,2022-02-14T00:00:00Z,2021-12-21T00:00:00Z,4.50974827,51.25599672
8228424,5338680,1006994414,DR. GERT COLPIN, , , ,Rechtspersoon,Besloten Vennootschap,Normale toestand,Liebiglaan,12, ,2900,Schoten,Liebiglaan,12, ,2900, , , ,0, , , ,0, ,2024-03-11T00:00:00Z,2024-03-11T00:00:00Z,4.48189729,51.24317722
8259912,5370168,2289993123,"Verheyleweghen, Jasmine",Boempetat!, ,0728531465, , , ,Villerslei,32, ,2900,Schoten,Villerslei,32, ,2900, , , ,0, , , ,0, ,2019-06-17T00:00:00Z,2019-05-13T00:00:00Z,4.51009979,51.25214509
8338658,5170333,2286527055,TRIXXO I,Trixxo Schoten, ,0463000202, , , ,Paalstraat,73, ,2900,Schoten,Paalstraat,73, ,2900, , , ,0, , , ,0, ,2019-03-20T00:00:00Z,2019-03-01T00:00:00Z,4.50101259,51.25273548
8345771,5451632,2362498148,"Aerts, Lara",Lara’s Place, ,1012104730, , , ,Rosveldstraat,55, ,2900,Schoten,Rosveldstraat,55, ,2900, , , ,0, , , ,0, ,2024-08-19T00:00:00Z,2024-08-01T00:00:00Z,4.50136925,51.25569573
8369830,4401387,2293127708,ARCHITECT DE SWAEF,ARCHITECT DE SWAEF, ,0734456383, , , ,Eburonenlei,9, ,2900,Schoten,Eburonenlei,9, ,2900, , , ,0, , , ,0, ,2019-09-17T00:00:00Z,2019-09-13T00:00:00Z,4.52692733,51.26768535
8941541,4401858,2293382084,"Erma, Ava", , ,0732763932, , , ,Vordensteinstraat,16, ,2900,Schoten,Vordensteinstraat,16, ,2900, , , ,0, , , ,0, ,2019-09-23T00:00:00Z,2019-09-02T00:00:00Z,4.49640616,51.25258525
9031572,4389719,2291935992,"Weyn, Veerle",Yoga with V., ,0645601811, , , ,Kempensedreef,24, ,2900,Schoten,Kempensedreef,24, ,2900, , , ,0, , , ,0, ,2019-08-09T00:00:00Z,2019-07-01T00:00:00Z,4.53448967,51.29091556
9110023,4257324,2289062715,GOAT,GOAT, ,0726480807, , , ,André Ullenslei,23, ,2900,Schoten, , , , , , , ,0, , , ,0, ,2019-05-16T00:00:00Z,2019-05-07T00:00:00Z,2.30668925,49.2933354
9126310,2323638,0403715483,Handelsmaatschappij Gebroeders Duchateau, , , ,Rechtspersoon,Naamloze vennootschap,Vervroegde ontbinding - Vereffening (vrijwillig ontbinding),Deuzeldlaan,36, ,2900,Schoten,Deuzeldlaan,36, ,2900, , , ,0, , , ,0, ,2003-01-18T00:00:00Z,1968-01-01T00:00:00Z,4.46681603,51.24547443
9127159,2628151,0416027456,IZILAC, , , ,Rechtspersoon,Coöperatieve Vennootschap (oud statuut),Vervroegde ontbinding - Vereffening (vrijwillig ontbinding),Wasserijstraat,5, ,2900,Schoten,Wasserijstraat,5, ,2900, , , ,0, , , ,0, ,2003-01-18T00:00:00Z,1976-04-21T00:00:00Z,4.47221045,51.23818683
9127421,1522825,0411854179,Christelijk Ziekenfonds van de Voorkempen, , , ,Rechtspersoon,Ziekenf. / Maatsch. onderlinge bijstand / Landsbond ziekenf.,Normale toestand,Markt,17, ,2900,Schoten,Markt,17, ,2900, , , ,0, , , ,0, ,2003-01-18T00:00:00Z,1896-02-05T00:00:00Z,4.49777438,51.25179351
9129574,4056759,0413229205,Etablissementen Jules Franck, , , ,Rechtspersoon,Naamloze vennootschap,Vervroegde ontbinding - Vereffening (vrijwillig ontbinding),Venstraat,159, ,2900,Schoten,Venstraat,159, ,2900, , , ,0, , , ,0, ,2003-01-18T00:00:00Z,1973-05-03T00:00:00Z,4.50589748,51.25084846
9162576,4155835,2286724025,LeeWrangler Belgium,INNO Schoten, ,0712776883, , , ,Bredabaan,967, ,2900,Schoten,Bredabaan,967, ,2900, , , ,0, , , ,0, ,2019-03-25T00:00:00Z,2019-03-31T00:00:00Z,4.46556965,51.2581164
9416680,5370087,2289784473,ELETECHNIK BELGIUM,ETN ANTWERPEN, ,0899993714, , , ,Wijnegembaan,2, ,2900,Schoten,Wijnegembaan,2, ,2900, , , ,0,46643,2025,"Groothandel in elektrisch materiaal, inclusief installatiemateriaal",1, ,2019-06-07T00:00:00Z,2019-07-01T00:00:00Z,4.50090449,51.24255176
9420105,4451463,2296242396,Amplifon Belgium,AMPLIFON Hoorcentrum Schoten, ,0418975266, , , ,Paalstraat,38, ,2900,Schoten,Paalstraat,38, ,2900, , , ,0,47741,2025,"Detailhandel in medische en orthopedische artikelen, m.u.v. corrigerende brillen, lenzen en zonnebrillen",1, ,2019-12-06T00:00:00Z,2020-01-01T00:00:00Z,4.50008643,51.25161253
9454645,4369981,2290255815,VAB Rijschool,VAB rijschool, ,0448109811, , , ,Villerslei,91, ,2900,Schoten,Villerslei,91, ,2900, , , ,0,85531,2025,Activiteiten van auto- en motorrijscholen,1, ,2019-06-24T00:00:00Z,2019-01-14T00:00:00Z,4.51263391,51.25250425
9456621,4410330,2293882724,TUI Belgium Retail,TUI Belgium Retail, ,0416827707, , , ,Theofiel Van Cauwenberghslei,83, ,2900,Schoten,Theofiel Van Cauwenberghslei,83, ,2900, , , ,0,79110,2025,Activiteiten van reisbureaus,1, ,2019-10-03T00:00:00Z,2019-10-01T00:00:00Z,4.50544721,51.25275325
9458800,4402007,2293373077,MILIEM,MILIEM, ,0730959336, , , ,Paalstraat,55, ,2900,Schoten,Paalstraat,55, ,2900, , , ,0,47761,2025,"Detailhandel in bloemen, planten, zaden en kunstmeststoffen",1, ,2019-09-23T00:00:00Z,2019-07-23T00:00:00Z,4.50039741,51.25228065
9459189,4719805,2294431070,Remy Marcelis,Remy Marcelis, ,0716896316, , , ,Kuipersstraat,13, ,2900,Schoten,Kuipersstraat,13, ,2900, , , ,0,66220,2025,Activiteiten van verzekeringsagenten en -makelaars,1, ,2019-10-15T00:00:00Z,2019-11-01T00:00:00Z,4.49664516,51.25038906
9536953,5748542,2285851223,"El Quarroumi, Samira",Quartoons, ,0721802635, , , ,Laaglandlei,56, ,2900,Schoten,Laaglandlei,56, ,2900, , , ,0, , , ,0, ,2019-03-04T00:00:00Z,2019-03-04T00:00:00Z,4.51289594,51.2503133
9994217,1324646,0828441267,STRAETJOENK, , , ,Rechtspersoon,Vereniging zonder winstoogmerk,Normale toestand,Salvialei,73, ,2900,Schoten,Salvialei,73, ,2900, , , ,0, , , ,0, ,2010-08-12T00:00:00Z,2010-07-31T00:00:00Z,4.45847467,51.24566886
9995062,4823800,2307885960,"Fiscalini, Ronny",R. Fiscalini / Ron Fiscalini, ,0755807964, , , ,Plantijnlei,52,6,2900,Schoten,Plantijnlei,52,6,2900, , , ,0, , , ,0, ,2020-10-07T00:00:00Z,2020-10-01T00:00:00Z,4.46571191,51.24712191
9997018,5761954,2372905852,Immo Gynaecologen Schoten,Immo Gynaecologen Schoten, ,1022378218, , , ,Churchilllaan,64, ,2900,Schoten,Churchilllaan,64, ,2900, , , ,0, , , ,0, ,2025-04-29T00:00:00Z,2025-04-15T00:00:00Z,4.49370188,51.25048202
10000049,4942312,0770878004,Dr. Sam Tielens, , , ,Rechtspersoon,Besloten Vennootschap,Normale toestand,Eduard Belpairelei,9, ,2900,Schoten,Eduard Belpairelei,9, ,2900, , , ,0, , , ,0, ,2021-07-07T00:00:00Z,2021-07-07T00:00:00Z,4.52914539,51.252189
10001742,5763650,2373055906,"Destoop, Victor",Elektro Destoop, ,1022938739, , , ,Kasteeldreef,55, ,2900,Schoten,Kasteeldreef,55, ,2900, , , ,0, , , ,0, ,2025-05-05T00:00:00Z,2025-05-02T00:00:00Z,4.49086893,51.24581467
10028801,5772698,2374006605,Ars Lucis,Ars Lucis, ,1021399706, , , ,Hertendreef,6, ,2900,Schoten,Hertendreef,6, ,2900, , , ,0,91210,2025,Activiteiten van musea en collecties,1, ,2025-05-28T00:00:00Z,2025-06-01T00:00:00Z,4.49656574,51.27300288
10032512,5023587,2327653174,ZC WELDING,ZC WELDING, ,0781773280, , , ,Hermelijnlaan,21, ,2900,Schoten,Hermelijnlaan,21, ,2900, , , ,0, , , ,0, ,2022-02-16T00:00:00Z,2022-02-09T00:00:00Z,4.51577271,51.26707035
10039866,4277527,0598851274,"Vereniging van Mede-eigenaars van het gebouw te 2900 Schoten, Villerslei 114", , , ,Rechtspersoon,Vereniging van Mede-eigenaars,Normale toestand,Villerslei,114, ,2900,Schoten,Villerslei,114, ,2900, , , ,0, , , ,0, ,2015-02-20T00:00:00Z,2014-12-05T00:00:00Z,4.51373488,51.25189718
10041080,5776737,2187959516,"Roelen, Evi",TIPTOPVOETEN, ,0826006864, , , ,Valkenlaan,4, ,2900,Schoten,Valkenlaan,4, ,2900, , , ,0, , , ,0, ,2010-05-19T00:00:00Z,2010-04-30T00:00:00Z,4.51858823,51.24601922
10043045,5778702,0409982673,Wereldfestival van Folklore Schoten, ,WFS, ,Rechtspersoon,Vereniging zonder winstoogmerk,Normale toestand,Kasteeldreef,61, ,2900,Schoten,Kasteeldreef,61, ,2900, , , ,0, , , ,0, ,2003-01-18T00:00:00Z,1961-03-09T00:00:00Z,4.48911155,51.24474517
10043355,5779012,0413262065,Breughel - Sportvereniging voor Gehandicapten, ,S.V.G., ,Rechtspersoon,Vereniging zonder winstoogmerk,Vervroegde ontbinding - Vereffening (vrijwillig ontbinding),Kasteeldreef,61, ,2900,Schoten,Kasteeldreef,61, ,2900, , , ,0, , , ,0, ,2003-01-18T00:00:00Z,1969-07-17T00:00:00Z,4.48911155,51.24474517
10043926,5779583,2297090949,Laurence Joossens,Laurence Joossens, ,0739776141, , , ,Kasteeldreef,26, ,2900,Schoten,Kasteeldreef,26, ,2900, , , ,0, , , ,0, ,2020-01-02T00:00:00Z,2019-12-18T00:00:00Z,4.4906588,51.24688549
10044125,5779782,2297641968,Jojava,Jojava, ,0741528772, , , ,Hertendreef,15, ,2900,Schoten,Hertendreef,15, ,2900, , , ,0, , , ,0, ,2020-01-14T00:00:00Z,2019-11-26T00:00:00Z,4.49511838,51.27139294
10045330,5780987,2199942776,Nolita,Nolita, ,0808641290, , , ,Ambiorixlei,13, ,2900,Schoten,Ambiorixlei,13, ,2900, , , ,0, , , ,0, ,2011-06-27T00:00:00Z,2008-12-19T00:00:00Z,4.52484276,51.26665322
10045530,5781187,2200894663,WNM Consulting,WNM Consulting, ,0837913120, , , ,Lariksdreef,17, ,2900,Schoten,Lariksdreef,17, ,2900, , , ,0, , , ,0, ,2011-08-02T00:00:00Z,2011-07-01T00:00:00Z,4.52047378,51.26271551
10045689,5781346,2201692538,"Van Herck, Sandra", , ,0511855637, , , ,Koloniestraat,61,2,2900,Schoten,Koloniestraat,61,2,2900, , , ,0,56112,2025,"Activiteiten van eetgelegenheden met beperkte bediening, m.u.v. mobiele eetgelegenheden",1, ,2011-08-31T00:00:00Z,2011-10-01T00:00:00Z,4.46240473,51.24021061
10045816,5781473,2202190901,"Lamm, Alessandra",Alessandra Lamm, ,0839355450, , , ,Botermelkbaan,90, ,2900,Schoten,Botermelkbaan,90, ,2900, , , ,0, , , ,0, ,2011-09-16T00:00:00Z,2011-10-01T00:00:00Z,4.54513387,51.26426914
10045998,5781655,2203178915,"Vanham, Stefanie", , ,0840322579, , , ,Heikantstraat,1, ,2900,Schoten,Heikantstraat,1, ,2900, , , ,0, , , ,0, ,2011-10-17T00:00:00Z,2011-10-01T00:00:00Z,4.50999574,51.25273646
10046128,5781785,0211384081,Kerkfabriek Sint-Jozef te Bloemendaal (VL - Schoten), , , ,Rechtspersoon,Openbare instelling,Normale toestand,Paalstraat,287, ,2900,Schoten,Paalstraat,287, ,2900, , , ,0, , , ,0, ,2003-01-18T00:00:00Z,1968-01-01T00:00:00Z,4.50632888,51.25983031
10046129,5781786,0211384180,Kerkfabriek Heilige Familie (VL - Schoten), , , ,Rechtspersoon,Openbare instelling,Normale toestand,Villerslei,113, ,2900,Schoten,Villerslei,113, ,2900, , , ,0, , , ,0, ,2003-01-18T00:00:00Z,1968-01-01T00:00:00Z,4.51614543,51.25212707
10048125,5783782,0410966630,Vrienden van de Scouts, , , ,Rechtspersoon,Vereniging zonder winstoogmerk,Normale toestand,Heikantstraat,84, ,2900,Schoten,Heikantstraat,84, ,2900, , , ,0, , , ,0, ,2003-01-18T00:00:00Z,1949-10-15T00:00:00Z,4.51033833,51.25512334
10048569,5784226,2193918482,IMMOVATA,Inno Schoten, ,0442354642, , , ,Bredabaan,967, ,2900,Schoten,Bredabaan,967, ,2900, , , ,0,47711,2025,Detailhandel in damesbovenkleding,1, ,2010-12-10T00:00:00Z,2011-02-01T00:00:00Z,4.46556965,51.2581164
10049168,5784825,0416811671,Land Development Company, ,Landeco, ,Rechtspersoon,Besloten Vennootschap,Normale toestand,Brechtsebaan,30, ,2900,Schoten,Brechtsebaan,30, ,2900, , , ,0, , , ,0, ,2003-01-18T00:00:00Z,1976-12-22T00:00:00Z,4.51189561,51.26509537
10049951,5785608,0410881805,Vereniging Ons Huis, , , ,Rechtspersoon,Vereniging zonder winstoogmerk,Normale toestand,Villerslei,128, ,2900,Schoten,Villerslei,128, ,2900, , , ,0, , , ,0, ,2003-01-18T00:00:00Z,1938-02-19T00:00:00Z,4.51460256,51.25171499
10050158,5785815,0415334006,Ter Dennen, , , ,Rechtspersoon,Vereniging zonder winstoogmerk,Normale toestand,Frans Reinemundlei,25, ,2900,Schoten,Frans Reinemundlei,25, ,2900, , , ,0, , , ,0, ,2003-01-18T00:00:00Z,1975-07-22T00:00:00Z,4.52940926,51.26022417
10050454,5786111,0417993685,Wijkkomitee Geuzenvelden VZW, , , ,Rechtspersoon,Vereniging zonder winstoogmerk,Normale toestand,Akkerlaan,1A, ,2900,Schoten,Akkerlaan,1A, ,2900, , , ,0, , , ,0, ,2003-01-18T00:00:00Z,1977-12-09T00:00:00Z,4.50949402,51.24769292
10050877,5786534,2298735395,HELITO,HELITO, ,0740929550, , , ,Elshoutbaan,223, ,2900,Schoten,Elshoutbaan,223, ,2900, , , ,0,41001,2025,Algemene bouw van residentiële gebouwen,1, ,2020-02-06T00:00:00Z,2020-01-08T00:00:00Z,4.51703598,51.28136488
10050912,5786569,2298747075,DX,DX, ,0738963618, , , ,Lusthofdreef,19, ,2900,Schoten,Lusthofdreef,19, ,2900, , , ,0,70200,2025,Activiteiten van adviesbureaus op het gebied van bedrijfsvoering en overig managementadvies,1, ,2020-02-06T00:00:00Z,2019-12-11T00:00:00Z,4.52599472,51.25770586
10050929,5786586,2298750936,Dr S.Belis,Moveo Schoten, ,0740969637, , , ,Paalstraat,261, ,2900,Schoten,Paalstraat,261, ,2900, , , ,0,86210,2025,Activiteiten van huisartspraktijken,1, ,2020-02-06T00:00:00Z,2020-01-09T00:00:00Z,4.50574584,51.25890879
10050932,5786589,2298751926,"Thyssen, Martine", , ,0740958452, , , ,Boekweitstraat,75,2,2900,Schoten,Boekweitstraat,75,2,2900, , , ,0, , , ,0, ,2020-02-06T00:00:00Z,2020-01-09T00:00:00Z,4.50128927,51.25943422
10052022,5787679,0407759096,Sint-Michielscollège-Schoten, , , ,Rechtspersoon,Vereniging zonder winstoogmerk,Normale toestand,Papenaardekenstraat,53, ,2900,Schoten,Papenaardekenstraat,53, ,2900, , , ,0,85314,2025,Vrij gesubsidieerd gewoon algemeen secundair onderwijs,1,5 tot 9,2003-01-18T00:00:00Z,1963-11-07T00:00:00Z,4.48591653,51.2465217
10052163,5787820,0409036528,Nationale Autoclub Excelsior, , , ,Rechtspersoon,Vereniging zonder winstoogmerk,Normale toestand,Valkenlaan,19, ,2900,Schoten,Valkenlaan,19, ,2900, , , ,0, , , ,0, ,2003-01-18T00:00:00Z,1962-04-12T00:00:00Z,4.52058742,51.2452238
10052216,5787873,0409097696,Casa Mora, , , ,Rechtspersoon,Vereniging zonder winstoogmerk,Normale toestand,Grote Singel,85, ,2900,Schoten,Grote Singel,85, ,2900, , , ,0, , , ,0, ,2003-01-18T00:00:00Z,1968-01-01T00:00:00Z,4.52864151,51.25937906
10052442,5788099,2203604131,YETO,YETO, ,0839952791, , , ,Buizerddreef,4, ,2900,Schoten,Buizerddreef,4, ,2900, , , ,0, , , ,0, ,2011-11-02T00:00:00Z,2011-10-05T00:00:00Z,4.49309267,51.27319013
10052464,5788121,2203614821,Laurent Spiessens,Laurent Spiessens, ,0838057135, , , ,Priorijlaan,7,A,2900,Schoten,Priorijlaan,7, ,2900, , , ,0, , , ,0, ,2011-11-02T00:00:00Z,2011-07-22T00:00:00Z,4.53104747,51.25235133
10052900,5788557,2205307866,J Dental,J Dental, ,0841663753, , , ,Vordensteinstraat,106, ,2900,Schoten,Vordensteinstraat,106, ,2900, , , ,0, , , ,0, ,2012-01-03T00:00:00Z,2011-12-09T00:00:00Z,4.49076339,51.25429991
10053582,5789239,0409798175,La Passion au Heysel, , , ,Rechtspersoon,Vereniging zonder winstoogmerk,Normale toestand,Kleine Eikendreef,59, ,2900,Schoten,Kleine Eikendreef, , , , , , ,0, , , ,0, ,2003-01-18T00:00:00Z,1939-01-01T00:00:00Z,2.30668925,49.2933354
10053592,5789249,0409801145,Speelplein Sinte-Lutgardis-Hofke, , , ,Rechtspersoon,Vereniging zonder winstoogmerk,Normale toestand,Sint-Maria-ten-Boslei,ZN, ,2900,Schoten,Sint-Maria-ten-Boslei, , , , , , ,0, , , ,0, ,2003-01-18T00:00:00Z,1959-03-17T00:00:00Z,2.30668925,49.2933354
10053675,5789332,0410636929,Katholieke Scholen van Schoten, , , ,Rechtspersoon,Vereniging zonder winstoogmerk,Normale toestand,Jozef Hendrickxstraat,153, ,2900,Schoten,Jozef Hendrickxstraat,153, ,2900, , , ,0, , , ,0, ,2003-01-18T00:00:00Z,1934-01-01T00:00:00Z,4.48752997,51.24837365
10053676,5789333,0410637127,Parochiale Werken van Schoten, , , ,Rechtspersoon,Vereniging zonder winstoogmerk,Normale toestand,Markt,Z/N, ,2900,Schoten,Markt, , , , , , ,0, , , ,0, ,2003-01-18T00:00:00Z,1958-01-22T00:00:00Z,2.30668925,49.2933354
10053679,5789336,0410637523,Schoten Vbc, , , ,Rechtspersoon,Vereniging zonder winstoogmerk,Normale toestand,Wilgendaalstraat,39, ,2900,Schoten,Wilgendaalstraat,39, ,2900, , , ,0, , , ,0, ,2003-01-18T00:00:00Z,1970-10-01T00:00:00Z,4.49442473,51.25391298
10054425,5790082,0412950279,"Foam, personenvennootschap met beperkte aansprakelijkheid", , , ,Rechtspersoon,Besloten vennootschap met beperkte aansprakelijkheid,Vervroegde ontbinding - vereffening (vrijwillige ontbinding),Winkelstap,43, ,2900,Schoten,Winkelstap,43, ,2900, , , ,0, , , ,0, ,2003-01-18T00:00:00Z,1973-01-17T00:00:00Z,4.46541317,51.25192164
10054601,5790258,0414958773,Sint-Hubertusgilde, , , ,Rechtspersoon,Vereniging zonder winstoogmerk,Normale toestand,Eksterdreef,ZN, ,2900,Schoten,Eksterdreef, , , , , , ,0, , , ,0, ,2003-01-18T00:00:00Z,1975-02-01T00:00:00Z,2.30668925,49.2933354
10054726,5790383,0416290742,Internationale Federatie van Huwelijks- en Relatiecentra, , , ,Rechtspersoon,Vereniging zonder winstoogmerk,Normale toestand,Dennenlei,31, ,2900,Schoten,Dennenlei,31, ,2900, , , ,0, , , ,0, ,2003-01-18T00:00:00Z,1976-06-15T00:00:00Z,4.53003682,51.26742569
10055081,5790738,0414218803,Mervyn Conn Music Benelux, , , ,Rechtspersoon,Besloten vennootschap met beperkte aansprakelijkheid,Vervroegde ontbinding - vereffening (vrijwillige ontbinding),Alice Nahonlei,88, ,2900,Schoten,Alice Nahonlei,88, ,2900, , , ,0, , , ,0, ,2003-01-18T00:00:00Z,1974-04-04T00:00:00Z,4.53891175,51.26566068
10055443,5791100,2195614103,J.M.C. SERVICE,J.M.C. SERVICE, ,0832951074, , , ,Paalstraat,385, ,2900,Schoten,Paalstraat,385, ,2900, , , ,0, , , ,0, ,2011-02-08T00:00:00Z,2011-01-19T00:00:00Z,4.50804154,51.26261798
10055459,5791116,2195622120,STREEG,Streeg, ,0832339776, , , ,Nerviërslei,3, ,2900,Schoten, , , , , , , ,0, , , ,0, ,2011-02-08T00:00:00Z,2010-12-28T00:00:00Z,2.30668925,49.2933354
10055602,5791259,2196541244,"Essing, Greet",Greet Essing, ,0862113630, , , ,Frans De Ceusterlei,14, ,2900,Schoten, , , , , , , ,0, , , ,0, ,2011-03-08T00:00:00Z,2011-04-01T00:00:00Z,2.30668925,49.2933354
10055784,5791441,2197329716,Exclusive Wheel Collection,Exclusive Wheel Collection, ,0834264732, , , ,Industriepark Brechtsebaan,18,B/2,2900,Schoten,Industriepark Brechtsebaan,18B, ,2900, , , ,0, , , ,0, ,2011-03-28T00:00:00Z,2011-03-04T00:00:00Z,4.51215544,51.26401287
10055966,5791623,2198354451,OXIDENS,OXIDENS, ,0835458723, , , ,Nerviërslei,40, ,2900,Schoten, , , , , , , ,0, , , ,0, ,2011-04-28T00:00:00Z,2011-04-01T00:00:00Z,2.30668925,49.2933354
10056536,5792193,0422855860,AUTONOOM, , , ,Rechtspersoon,Vereniging zonder winstoogmerk,Normale toestand,Deuzeldlaan,4, ,2900,Schoten,Deuzeldlaan,4, ,2900, , , ,0, , , ,0, ,2003-01-18T00:00:00Z,1982-06-07T00:00:00Z,4.46860918,51.24555381
10057868,5793525,2300110817,PANDAVA, , ,0419001396, , , ,Paalstraat,72, ,2900,Schoten,Paalstraat,72, ,2900, , , ,0, , , ,0, ,2020-03-12T00:00:00Z,2011-02-01T00:00:00Z,4.50136465,51.25223714
10057897,5793554,2300116557,"Huvenne, Matthias",GTH, ,0732532221, , , ,Frans De Ceusterlei,50, ,2900,Schoten, , , , , , , ,0, , , ,0, ,2020-03-12T00:00:00Z,2020-02-17T00:00:00Z,2.30668925,49.2933354
10057919,5793576,2300121507,"Arepati, Alimu",AG INC, ,0744996226, , , ,Begonialaan,16, ,2900,Schoten,Begonialaan,16, ,2900, , , ,0, , , ,0, ,2020-03-12T00:00:00Z,2020-03-12T00:00:00Z,4.50953113,51.25802923
10057966,5793623,2300370143,"Bours, Michael",BM Polish, ,0808367811, , , ,Brechtsebaan,40, ,2900,Schoten,Brechtsebaan,40, ,2900, , , ,0, , , ,0, ,2020-03-23T00:00:00Z,2020-02-19T00:00:00Z,4.51255333,51.26628893
10058530,5794187,2301821579,DR. K. DE SMEDT, , ,0476949988, , , ,Hertendreef,29, ,2900,Schoten,Hertendreef, , , , , , ,0, , , ,0, ,2020-05-08T00:00:00Z,2002-02-20T00:00:00Z,2.30668925,49.2933354
10059436,5795093,0414486938,Judoklub TORI, ,J.C. TORI vzw, ,Rechtspersoon,Vereniging zonder winstoogmerk,Normale toestand,Wilgendaalstraat,11, ,2900,Schoten,Wilgendaalstraat,11, ,2900, , , ,0, , , ,0, ,2003-01-18T00:00:00Z,1974-10-03T00:00:00Z,4.4953356,51.25366815
10059448,5795105,0414497826,Jeugdklub Convenio, , , ,Rechtspersoon,Vereniging zonder winstoogmerk,Normale toestand,Marialei,zn, ,2900,Schoten,Marialei, , , , , , ,0, , , ,0, ,2003-01-18T00:00:00Z,1974-10-10T00:00:00Z,2.30668925,49.2933354
10059553,5795210,0415185338,Blistra - Pack, , , ,Rechtspersoon,Besloten vennootschap met beperkte aansprakelijkheid,Vervroegde ontbinding - vereffening (vrijwillige ontbinding),Sluizenstraat,45, ,2900,Schoten,Sluizenstraat,45, ,2900, , , ,0, , , ,0, ,2003-01-18T00:00:00Z,1975-06-27T00:00:00Z,4.50678905,51.24911673
10059915,5795572,2207823136,Villa Valentijn, , ,0842376209, , , ,Wezelsebaan,4, ,2900,Schoten,Wezelsebaan,4, ,2900, , , ,0,88911,2025,Kinderdagverblijven en crèches,1, ,2012-03-23T00:00:00Z,2012-01-04T00:00:00Z,4.51214028,51.26091527
10059925,5795582,2207826502,"Albrecht, Diego",ALBRECHT DIEGO, ,0844655016, , , ,Elshoutbaan,233, ,2900,Schoten,Elshoutbaan,233, ,2900, , , ,0, , , ,0, ,2012-03-23T00:00:00Z,2012-04-01T00:00:00Z,4.51618582,51.28168331
10059931,5795588,2207827886,"Leenders, Debbie",MasKir, ,0844656105, , , ,Lossingstraat,152, ,2900,Schoten,Lossingstraat,152, ,2900, , , ,0, , , ,0, ,2012-03-23T00:00:00Z,2012-04-01T00:00:00Z,4.50940483,51.25544759
10059999,5795656,2208311995,L A TRUCKS,L A Trucks, ,0844750630, , , ,Voorschotenlaan,11, ,2900,Schoten,Voorschotenlaan,11, ,2900, , , ,0, , , ,0, ,2012-04-06T00:00:00Z,2012-04-01T00:00:00Z,4.46696608,51.24417675
10061096,5796753,0412106379,Folklore Ensemble Schoten, , , ,Rechtspersoon,Vereniging zonder winstoogmerk,Normale toestand,Borgeindstraat,245, ,2900,Schoten,Borgeindstraat,245, ,2900, , , ,0, , , ,0, ,2003-01-18T00:00:00Z,1971-10-12T00:00:00Z,4.47204825,51.24558221
10061217,5796874,0413012637,Gym Olympade 1976, , , ,Rechtspersoon,Vereniging zonder winstoogmerk,Normale toestand,Alice Nahonlei,2, ,2900,Schoten,Alice Nahonlei,2, ,2900, , , ,0,93122,2025,Activiteiten van tennisclubs,1,1 tot 4,2003-01-18T00:00:00Z,1972-12-21T00:00:00Z,4.53867564,51.2567816
10061517,5797174,0416352506,IMMOBILIA, , , ,Rechtspersoon,Naamloze vennootschap,Normale toestand,Struikenlei,13, ,2900,Schoten,Struikenlei,13, ,2900, , , ,0, , , ,0, ,2003-01-18T00:00:00Z,1976-08-03T00:00:00Z,4.51912309,51.25383054
10062176,5797833,0417612813,De Vlaamse Explorators, , , ,Rechtspersoon,Vereniging zonder winstoogmerk,Normale toestand,Hazendreef,30, ,2900,Schoten,Hazendreef, , , , , , ,0, , , ,0, ,2003-01-18T00:00:00Z,1977-09-14T00:00:00Z,2.30668925,49.2933354
10062468,5798125,0420086115,Immo Van Elsacker, , , ,Rechtspersoon,Besloten vennootschap met beperkte aansprakelijkheid,Normale toestand,Buizerddreef,8, ,2900,Schoten,Buizerddreef,8, ,2900, , , ,0, , , ,0,0 tot 0,2003-01-18T00:00:00Z,1979-12-13T00:00:00Z,4.49250667,51.27230371
10062787,5798444,2199310395,Advocatenkantoor Jan De Man,Advocatenkantoor Jan De Man, ,0836276689, , , ,Botermelkbaan,90, ,2900,Schoten,Botermelkbaan,90, ,2900, , , ,0,69101,2025,Activiteiten van advocaten,1, ,2011-05-31T00:00:00Z,2011-05-16T00:00:00Z,4.54513387,51.26426914
10062985,5798642,2200678491,HENNISSEN CONSULTING,HENNISSEN CONSULTING, ,0897076487, , , ,Leonard Gorisplein,23, ,2900,Schoten,Leonard Gorisplein,23, ,2900, , , ,0, , , ,0, ,2011-07-25T00:00:00Z,2008-04-08T00:00:00Z,4.45795424,51.24351476
10063019,5798676,2200690369,"Sellami, Abdelmajid",SELL-CARS, ,0838083760, , , ,Hofstraat,2,1,2900,Schoten,Hofstraat,2, ,2900, , , ,0, , , ,0, ,2011-07-25T00:00:00Z,2011-08-01T00:00:00Z,4.4945256,51.24147324
10063046,5798703,2200701950,"Van Laer, Sigerd",SOGO, ,0837933213, , , ,Jozef Jennesstraat,2, ,2900,Schoten,Jozef Jennesstraat,2, ,2900, , , ,0, , , ,0, ,2011-07-26T00:00:00Z,2011-07-20T00:00:00Z,4.50562072,51.25893608
10063149,5798806,2201156266,VHV CLEANING,VHV CLEANING, ,0837835124, , , ,Grote Singel,46, ,2900,Schoten,Grote Singel,46, ,2900, , , ,0,81220,2025,Overige reiniging van gebouwen; industriële reiniging,1, ,2011-08-11T00:00:00Z,2011-07-12T00:00:00Z,4.51747021,51.25781777
10063207,5798864,2201499429,"Smets, Koen",SK solution, ,0879329150, , , ,Kuipersstraat,31, ,2900,Schoten,Kuipersstraat,31, ,2900, , , ,0, , , ,0, ,2011-08-24T00:00:00Z,2011-08-24T00:00:00Z,4.49630125,51.25131235
10064374,5800031,0420508856,Duikclub Schoten, ,DUCS, ,Rechtspersoon,Vereniging zonder winstoogmerk,Normale toestand,Lodewijk Weijtenstraat,32, ,2900,Schoten,Lodewijk Verheijenstraat,32, ,2900, , , ,0, , , ,0, ,2003-01-18T00:00:00Z,1980-02-17T00:00:00Z,4.4685939,51.25188167
10064387,5800044,0420513905,Verenigde Zelfstandigen Schoten, , , ,Rechtspersoon,Vereniging zonder winstoogmerk,Normale toestand,Churchilllaan,338, ,2900,Schoten,Churchilllaan,338, ,2900, , , ,0, , , ,0, ,2003-01-18T00:00:00Z,1980-01-16T00:00:00Z,4.48075246,51.24966149
10064649,5800306,0423818536,Parkimmo, , , ,Rechtspersoon,Naamloze vennootschap,Vervroegde ontbinding - Vereffening (vrijwillig ontbinding),Schijnparklaan,20, ,2900,Schoten,Schijnparklaan,20, ,2900, , , ,0, , , ,0, ,2003-01-18T00:00:00Z,1982-12-31T00:00:00Z,4.5177389,51.24465183
10065141,5800798,0427532943,SIKRILO, , , ,Rechtspersoon,Naamloze vennootschap,Normale toestand,Ransuildreef,26, ,2900,Schoten,Ransuildreef,26, ,2900, , , ,0, , , ,0, ,2003-01-18T00:00:00Z,1985-06-17T00:00:00Z,4.52264572,51.24473998
10065343,5801000,2302270155,"van der Poel, Helena", , ,0821353834, , , ,Columbuslei,12, ,2900,Schoten,Columbuslei,12, ,2900, , , ,0, , , ,0, ,2020-05-19T00:00:00Z,1988-07-01T00:00:00Z,4.52801527,51.271828
10065590,5801247,2303034673,"Lemmens, Ana",By Ana Carolina, ,0747807147, , , ,Wezelsebaan,230, ,2900,Schoten,Wezelsebaan,230, ,2900, , , ,0, , , ,0, ,2020-06-09T00:00:00Z,2020-06-08T00:00:00Z,4.5413711,51.2630337
10065632,5801289,2303321022,"Moors, Leen", , ,0815649343, , , ,Jozef Jennesstraat,74, ,2900,Schoten,Jozef Jennesstraat,74, ,2900, , , ,0, , , ,0, ,2020-06-16T00:00:00Z,2014-09-24T00:00:00Z,4.50320632,51.25999867
10065683,5801340,2303335571,Industria,Industria, ,0746952161, , , ,Esdoorndreef,5, ,2900,Schoten,Esdoorndreef,5, ,2900, , , ,0, , , ,0, ,2020-06-17T00:00:00Z,2020-05-15T00:00:00Z,4.51616818,51.27857154
10065712,5801369,2303341907,"Swerts, Arno", , ,0748407062, , , ,Lodewijk Weijtenstraat,28 A, ,2900,Schoten,Lodewijk Verheijenstraat,28, ,2900, , , ,0, , , ,0, ,2020-06-17T00:00:00Z,2020-07-01T00:00:00Z,4.46862348,51.25171761
10066849,5802506,0420352468,Eenheid Prins Albert, , , ,Rechtspersoon,Vereniging zonder winstoogmerk,Normale toestand,Thuretstraat,33, ,2900,Schoten,Thuretstraat,33, ,2900, , , ,0, , , ,0, ,2003-01-18T00:00:00Z,1980-03-13T00:00:00Z,4.49843862,51.25484817
10066914,5802571,0420932290,Tafeltennisklub Olympic, ,T.T.K. Olympic, ,Rechtspersoon,Vereniging zonder winstoogmerk,Normale toestand,Verbertstraat,94, ,2900,Schoten,Verbertstraat,94, ,2900, , , ,0, , , ,0, ,2003-01-18T00:00:00Z,1980-07-23T00:00:00Z,4.49804274,51.24751254
10067138,5802795,2211048187,"Ghamrane, Hajib",Reno G., ,0516987729, , , ,Deuzeldlaan,181,4,2900,Schoten,Deuzeldlaan,181,4,2900, , , ,0, , , ,0, ,2012-07-24T00:00:00Z,2014-06-01T00:00:00Z,4.45990851,51.24553905
10067465,5803122,2212570394,KAF,Deliciosa Lunch & Take Out, ,0428394263, , , ,Leonard Gorisplein,16, ,2900,Schoten,Leonard Gorisplein,16, ,2900, , , ,0, , , ,0, ,2012-09-26T00:00:00Z,2012-09-17T00:00:00Z,4.45767109,51.24386543
10067576,5803233,2213122306,BONNEMETALS,BONNEMETALS, ,0845507824, , , ,Ridder Walter Van Havrelaan,193,4,2900,Schoten,Ridder Walter Van Havrelaan,193,4,2900, , , ,0, , , ,0, ,2012-10-11T00:00:00Z,2012-04-25T00:00:00Z,4.48938134,51.25266115
10068861,5804518,0421348204,Vereniging van Oudleerlingen van het Koninklijk Atheneum Schoten, ,Volkas, ,Rechtspersoon,Vereniging zonder winstoogmerk,Normale toestand,August Jonckersstraat,ZN, ,2900,Schoten,August Jonckersstraat, , , , , , ,0, , , ,0, ,2003-01-18T00:00:00Z,1980-12-01T00:00:00Z,2.30668925,49.2933354
10069467,5805124,0426126146,Openluchtscholen Sint-Ludgardis, , , ,Rechtspersoon,Vereniging zonder winstoogmerk,Normale toestand,Sint-Maria-ten-Boslei,10, ,2900,Schoten,Sint-Maria-ten-Boslei,10, ,2900, , , ,0,85204,2025,Vrij gesubsidieerd gewoon lager onderwijs,1,5 tot 9,2003-01-18T00:00:00Z,1983-10-05T00:00:00Z,4.53303476,51.26775645
10069715,5805372,0423990166,Immo Wilco, , , ,Rechtspersoon,Naamloze vennootschap,Normale toestand,Priorijlaan,31, ,2900,Schoten,Priorijlaan,31, ,2900, , , ,0, , , ,0, ,2003-01-18T00:00:00Z,1983-03-11T00:00:00Z,4.53335793,51.25239729
10069778,5805435,0424461805,Ambulance-Ziekenvervoer Schoten, , , ,Rechtspersoon,Vereniging zonder winstoogmerk,Normale toestand,Brechtsebaan,894, ,2900,Schoten,Brechtsebaan,894, ,2900, , , ,0, , , ,0, ,2003-01-18T00:00:00Z,1983-01-06T00:00:00Z,4.54982452,51.29521173
10070938,5806595,0429683274,Gecoordineerde Hulpdiensten, ,G.H.D., ,Rechtspersoon,Vereniging zonder winstoogmerk,Normale toestand,André Ullenslei,41, ,2900,Schoten, , , , , , , ,0, , , ,0, ,2003-01-18T00:00:00Z,1985-05-30T00:00:00Z,2.30668925,49.2933354
10071827,5807484,0425337080,COMANT, , , ,Rechtspersoon,Besloten Vennootschap,Normale toestand,Eduard De Backerstraat,36, ,2900,Schoten,Eduard De Backerstraat,36, ,2900, , , ,0, , , ,0,1 tot 4,2003-01-18T00:00:00Z,1984-01-31T00:00:00Z,4.45835246,51.24623396
10071891,5807548,0425908885,D'OOSTERWYCK EN OUTVENNE,O.O.C. - D'O.en O. - D'OOSTERWYCK EN OUTVENNE MANAGEMENT, , ,Rechtspersoon,Besloten vennootschap met beperkte aansprakelijkheid,Normale toestand,Listdreef,32,0,2900,Schoten,Listdreef,32,1,2900, , , ,0, , , ,0, ,2003-01-18T00:00:00Z,1984-06-19T00:00:00Z,4.47650493,51.2619615
10072451,5808108,0431613079,D.L. INTERNATIONAL, , , ,Rechtspersoon,Besloten vennootschap met beperkte aansprakelijkheid,Normale toestand,Reebokdreef,3, ,2900,Schoten,Reebokdreef,3, ,2900, , , ,0, , , ,0, ,2003-01-18T00:00:00Z,1987-07-29T00:00:00Z,4.50307759,51.27331444
10072629,5808286,2304513132,"Van den Eynde, Nico",EXCEL CONSULT, ,0749942830, , , ,Alfons Servaislei,96,6,2900,Schoten,Alfons Servaislei,96A,6,2900, , , ,0, , , ,0, ,2020-07-13T00:00:00Z,2020-07-01T00:00:00Z,4.53444941,51.25378086
10073061,5808718,2305705935,"Dnoub, Ibrahim", , ,0869987852, , , ,Hofstraat,6, ,2900,Schoten,Hofstraat,6, ,2900, , , ,0,95311,2025,"Algemeen onderhoud en reparatie van autos en lichte bestelwagens (<= 3,5 ton)",1, ,2020-08-17T00:00:00Z,2019-08-01T00:00:00Z,4.49459823,51.24121771
10073176,5808833,2306254281,"Stoffels, Helena", , ,0860766815, , , ,Schijndallei,3, ,2900,Schoten,Schijndallei,3, ,2900, , , ,0, , , ,0, ,2020-09-01T00:00:00Z,2020-09-01T00:00:00Z,4.51722149,51.24787084
10074451,5810108,2214562458,ECSES-ATB,ECSES-ATB, ,0848546102, , , ,Fortbaan,36, ,2900,Schoten,Fortbaan,36, ,2900, , , ,0, , , ,0, ,2012-12-06T00:00:00Z,2012-09-07T00:00:00Z,4.52083615,51.27662613
10074471,5810128,2214570376,"Reusen, An",logopedische praktijk Sprekend Brein, ,0501810791, , , ,Stanislas Meeuslei,92, ,2900,Schoten,Stanislas Meeuslei,92, ,2900, , , ,0, , , ,0, ,2012-12-07T00:00:00Z,2013-01-02T00:00:00Z,4.46346967,51.2461681
10074887,5810544,2216862051,L'eau de Vie,L'eau de Vie, ,0509949487, , , ,Oudstrijderslaan,9, ,2900,Schoten,Oudstrijderslaan,9, ,2900, , , ,0, , , ,0, ,2013-03-01T00:00:00Z,2013-01-21T00:00:00Z,4.49021212,51.2480334
10075242,5810899,0422504383,CONSTRUCTIEWERKHUIS J. CLAESSENS, , , ,Rechtspersoon,Besloten Vennootschap,Normale toestand,Jozef Verhaegenstraat,45, ,2900,Schoten,Jozef Verhaegenstraat,45, ,2900, , , ,0, , , ,0,1 tot 4,2003-01-18T00:00:00Z,1982-03-22T00:00:00Z,4.46199032,51.24347486
10075393,5811050,0423591971,'t Lommert, , , ,Rechtspersoon,Vereniging zonder winstoogmerk,Normale toestand,Botermelkbaan,75, ,2900,Schoten,Botermelkbaan,75, ,2900, , , ,0,85326,2025,Vrij gesubsidieerd buitengewoon secundair onderwijs,1,5 tot 9,2003-01-18T00:00:00Z,1982-08-01T00:00:00Z,4.54004573,51.26701572
10076021,5811678,0424064895,De Vier Notelaars, , , ,Rechtspersoon,Vereniging zonder winstoogmerk,Normale toestand,Wijtschotbaan,12, ,2900,Schoten,Wijtschotbaan,12, ,2900, , , ,0,87202,2025,Instellingen met huisvesting voor volwassenen met een mentale handicap,1,20 tot 49,2003-01-18T00:00:00Z,1982-09-24T00:00:00Z,4.50486061,51.24224102
10076026,5811683,0424066776,Tafeltennis Klub Twenty-one, , , ,Rechtspersoon,Vereniging zonder winstoogmerk,Normale toestand,Sluizenstraat,8, ,2900,Schoten,Sluizenstraat,8, ,2900, , , ,0, , , ,0, ,2003-01-18T00:00:00Z,1982-05-12T00:00:00Z,4.50782163,51.25168104
10076557,5812214,0428303597,A.S.D., , , ,Rechtspersoon,Besloten Vennootschap,Normale toestand,Wezelsebaan,170, ,2900,Schoten,Wezelsebaan,170, ,2900, , , ,0,86230,2025,Activiteiten van tandartspraktijken,1,1 tot 4,2003-01-18T00:00:00Z,1986-01-18T00:00:00Z,4.5308104,51.26161138
10076706,5812363,0429311904,DE WITTE, , , ,Rechtspersoon,Besloten vennootschap met beperkte aansprakelijkheid,Normale toestand,Sint-Benedictusdreef,9, ,2900,Schoten,Sint-Benedictusdreef,9, ,2900, , , ,0, , , ,0, ,2003-01-18T00:00:00Z,1986-08-25T00:00:00Z,4.52908921,51.24824106
10076728,5812385,0429797892,ADMANCO, , , ,Rechtspersoon,Besloten Vennootschap,Normale toestand,Doncklaan,21, ,2900,Schoten,Doncklaan,21, ,2900, , , ,0, , , ,0, ,2003-01-18T00:00:00Z,1986-11-14T00:00:00Z,4.51271321,51.25456454
10076956,5812613,0427141874,FIRMA AVO, , , ,Rechtspersoon,Naamloze vennootschap,Vervroegde ontbinding - Vereffening (vrijwillig ontbinding),Metropoolstraat,8, ,2900,Schoten,Metropoolstraat,8, ,2900, , , ,0, , , ,0, ,2003-01-18T00:00:00Z,1985-03-25T00:00:00Z,4.48770406,51.2424917
10077318,5812975,0429769386,De Tuimelaar, ,I.P.O.S., ,Rechtspersoon,Vereniging zonder winstoogmerk,Normale toestand,Eekhoornlei,9, ,2900,Schoten,Eekhoornlei,9, ,2900, , , ,0, , , ,0,0 tot 0,2003-01-18T00:00:00Z,1984-08-13T00:00:00Z,4.52580118,51.26205958
10077711,5813368,2207630819,"Woonzorggroep Voorkempen, OCMW-vereniging van publiek recht",Lokaal Dienstencentrum 't Dorp, ,0694597697, , , ,Jozef Van Craenstraat,1,*,2900,Schoten,Jozef Van Craenstraat,1, ,2900, , , ,0,88102,2025,Activiteiten van dag- en dienstencentra voor ouderen,1, ,2012-03-16T00:00:00Z,2009-06-30T00:00:00Z,4.49913292,51.24757569
10077715,5813372,2207631413,"Woonzorggroep Voorkempen, OCMW-vereniging van publiek recht",Lokaal Dienstencentrum Cogelshof, ,0694597697, , , ,Deuzeldlaan,49, ,2900,Schoten,Deuzeldlaan,49, ,2900, , , ,0,88102,2025,Activiteiten van dag- en dienstencentra voor ouderen,1, ,2012-03-16T00:00:00Z,2011-05-01T00:00:00Z,4.46681286,51.24465164
10077718,5813375,2207632403,Openbaar Centrum voor Maatschappelijk Welzijn van Schoten,Bejaardenflats, ,0212168001, , , ,Jozef Van Craenstraat,6, ,2900,Schoten,Jozef Van Craenstraat,6, ,2900, , , ,0,84115,2025,Openbare Centra voor Maatschappelijk Welzijn (O.C.M.W.),1, ,2012-03-16T00:00:00Z,1981-01-01T00:00:00Z,4.50038951,51.24712829
10077719,5813376,2207633094,Openbaar Centrum voor Maatschappelijk Welzijn van Schoten,"Serviceflats ""Schuttershof""", ,0212168001, , , ,Jozef Van Craenstraat,3-17, ,2900,Schoten,Jozef Van Craenstraat,3, ,2900, , , ,0,84115,2025,Openbare Centra voor Maatschappelijk Welzijn (O.C.M.W.),1, ,2012-03-16T00:00:00Z,2008-04-01T00:00:00Z,4.49965735,51.24766859
10077842,5813499,2208114433,DM Agro,DM Agro, ,0842100253, , , ,Nachtegalenlei,3, ,2900,Schoten,Nachtegalenlei,3, ,2900, , , ,0, , , ,0, ,2012-04-02T00:00:00Z,2012-03-01T00:00:00Z,4.52461963,51.25845281
10078388,5814045,0434242076,COVESTI, , , ,Rechtspersoon,Naamloze vennootschap,Normale toestand,Bosschaert de Bouwellei,29, ,2900,Schoten,Bosschaert de Bouwellei,29, ,2900, , , ,0, , , ,0, ,2003-01-18T00:00:00Z,1988-05-05T00:00:00Z,4.54398657,51.26267049
10079174,5814831,0429160959,CINDY-BB, , , ,Rechtspersoon,Naamloze vennootschap,Normale toestand,Reebokdreef,4, ,2900,Schoten,Reebokdreef,4, ,2900, , , ,0, , , ,0, ,2003-01-18T00:00:00Z,1986-06-18T00:00:00Z,4.50415244,51.27336291
10080057,5815714,2306839053,QUEEN BELGIUM,Queen Belgium, ,0753803034, , , ,Ridder Walter Van Havrelaan,120,2,2900,Schoten,Ridder Walter Van Havrelaan,120,2,2900, , , ,0, , , ,0, ,2020-09-15T00:00:00Z,2020-09-08T00:00:00Z,4.48846964,51.25292445
10080129,5815786,2307151928,CogniMotori,CogniMotori, ,0753788978, , , ,Paalstraat,133-135, ,2900,Schoten,Paalstraat,133, ,2900, , , ,0, , , ,0, ,2020-09-23T00:00:00Z,2020-09-08T00:00:00Z,4.50273272,51.25409769
10080401,5816058,2308065015,JUNTOO ANTWERPEN EN LIMBURG,JUNTOO ANTWERPEN EN LIMBURG, ,0771884428, , , ,Bredabaan,1203, ,2900,Schoten,Bredabaan,1203, ,2900, , , ,0, , , ,0, ,2020-10-12T00:00:00Z,2020-06-26T00:00:00Z,4.46443526,51.26357859
10080473,5816130,2308082732,Thuisverpleging Schaderon,Thuisverpleging Schaderon, ,0755407492, , , ,Wezelsebaan,8, ,2900,Schoten,Wezelsebaan,8, ,2900, , , ,0, , , ,0, ,2020-10-12T00:00:00Z,2020-09-30T00:00:00Z,4.51287495,51.26107301
10080596,5816253,2308652359,The Pine House,The Pine House, ,0755938123, , , ,Dennenlei,29, ,2900,Schoten,Dennenlei,29, ,2900, , , ,0, , , ,0, ,2020-10-23T00:00:00Z,2020-10-09T00:00:00Z,4.53004265,51.26712224
10082059,5817716,2219267255,MP Solutions,MP Solutions, ,0534504840, , , ,Lode Vleeshouwerslaan,73, ,2900,Schoten,Lode Vleeshouwerslaan,73, ,2900, , , ,0, , , ,0, ,2013-06-03T00:00:00Z,2013-05-15T00:00:00Z,4.46673516,51.26558135
10082105,5817762,2219286952,-ARCHITECTEN-BUREAU-NICOLAS-,Architecten - Bureau - Nicolas, ,0471348734, , , ,Amazonendreef,2, ,2900,Schoten,Amazonendreef,2, ,2900, , , ,0, , , ,0, ,2013-06-04T00:00:00Z,2003-10-09T00:00:00Z,4.52990972,51.24878319
10082566,5818223,2221607826,Loodgieter Van Ende,Loodgieter Van Ende, ,0535588171, , , ,Heidebadlaan,22, ,2900,Schoten,Heidebadlaan,22, ,2900, , , ,0,43221,2025,Sanitaire werkzaamheden,1, ,2013-09-09T00:00:00Z,2013-06-06T00:00:00Z,4.53856144,51.29830269
10082805,5818462,0427826913,M.E.S., ,427771681, ,Rechtspersoon,Vennootschap onder firma,Normale toestand,Schijndallei,3, ,2900,Schoten,Schijndallei,3, ,2900, , , ,0, , , ,0, ,2003-01-18T00:00:00Z,1985-09-17T00:00:00Z,4.51722149,51.24787084
10083414,5819071,0427808701,Frany, , , ,Rechtspersoon,Naamloze vennootschap,Normale toestand,Churchilllaan,40, ,2900,Schoten,Churchilllaan,40, ,2900, , , ,0, , , ,0, ,2003-01-18T00:00:00Z,1984-12-19T00:00:00Z,4.4951474,51.25062474
10083462,5819119,0428330620,WIMAR, , , ,Rechtspersoon,Naamloze vennootschap,Normale toestand,Pelikaandreef,4, ,2900,Schoten,Pelikaandreef,4, ,2900, , , ,0, , , ,0, ,2003-01-18T00:00:00Z,1985-12-18T00:00:00Z,4.49308604,51.27904802
10084088,5819745,0433342154,CLUB 62, , , ,Rechtspersoon,Vereniging zonder winstoogmerk,Normale toestand,Lindenlei,2, ,2900,Schoten,Lindenlei,2, ,2900, , , ,0, , , ,0, ,2003-01-18T00:00:00Z,1986-12-30T00:00:00Z,4.5145793,51.25169668
10084908,5820565,2209964064,MIDLINA,MIDLINA, ,0845717660, , , ,Hertendreef,8, ,2900,Schoten,Hertendreef,8, ,2900, , , ,0,62200,2025,Activiteiten op het gebied van computerconsultancy en beheer van computerfaciliteiten,1, ,2012-06-14T00:00:00Z,2012-05-04T00:00:00Z,4.49640817,51.27338603
10085270,5820927,2211841015,Scion Capital,Chronus, ,0844778146, , , ,Hertendreef,47, ,2900,Schoten,Hertendreef,47, ,2900, , , ,0, , , ,0, ,2012-08-29T00:00:00Z,2012-04-01T00:00:00Z,4.49448954,51.2758444
10085309,5820966,2211857346,WHITELANE RESEARCH,Whitelane Research, ,0848221844, , , ,Alice Nahonlei,19, ,2900,Schoten,Alice Nahonlei,19, ,2900, , , ,0, , , ,0, ,2012-08-30T00:00:00Z,2012-08-20T00:00:00Z,4.53624182,51.25758289
10085521,5821178,2212921772,Brechtsebaan,BRECHTSEBAAN, ,0843249803, , , ,Brechtsebaan,86, ,2900,Schoten,Brechtsebaan,86, ,2900, , , ,0, , , ,0, ,2012-10-05T00:00:00Z,2012-01-31T00:00:00Z,4.51413665,51.26711696
10086699,5822356,0434189717,IMMO QUINTEN MATSIJS, , , ,Rechtspersoon,Besloten Vennootschap,Normale toestand,Deuzeldlaan,107, ,2900,Schoten,Deuzeldlaan,107, ,2900, , , ,0, , , ,0, ,2003-01-18T00:00:00Z,1988-04-28T00:00:00Z,4.46403071,51.2446764
10087347,5823004,2308926434,Archi-Tek,Archi-Tek, ,0756490231, , , ,Paalstraat,331, ,2900,Schoten,Paalstraat,331, ,2900, , , ,0, , , ,0, ,2020-10-29T00:00:00Z,2020-09-01T00:00:00Z,4.50719261,51.26109655
10087508,5823165,2309221491,FRITUUR F&M,FRITUUR F&M, ,0757723418, , , ,Kuipersstraat,73-75, ,2900,Schoten,Kuipersstraat,73, ,2900, , , ,0,56112,2025,"Activiteiten van eetgelegenheden met beperkte bediening, m.u.v. mobiele eetgelegenheden",1, ,2020-11-06T00:00:00Z,2020-11-02T00:00:00Z,4.49588019,51.2524181
10087509,5823166,2309221887,"Smits, Amber", , ,0757874658, , , ,Voorkempenlaan,37, ,2900,Schoten,Voorkempenlaan,37, ,2900, , , ,0, , , ,0, ,2020-11-06T00:00:00Z,2020-11-09T00:00:00Z,4.48611716,51.24776278
10087640,5823297,2309773205,"Duława, Dariusz", , ,0750637369, , , ,Salvialei,133, ,2900,Schoten,Salvialei,133, ,2900, , , ,0, , , ,0, ,2020-11-24T00:00:00Z,2020-07-01T00:00:00Z,4.46001449,51.24409319
10087832,5823489,2310306309,Staffing Financials,Staffing Financials, ,0758742116, , , ,Kasteeldreef,17, ,2900,Schoten,Kasteeldreef,17, ,2900, , , ,0, , , ,0, ,2020-12-09T00:00:00Z,2020-11-25T00:00:00Z,4.49374316,51.24874211
10088819,5824476,0431004553,Koninklijke Antwerpse Jachthoornkring v.z.w., ,KAJAK  v.z.w., ,Rechtspersoon,Vereniging zonder winstoogmerk,Normale toestand,Rubensstraat,9, ,2900,Schoten,Rubensstraat,9, ,2900, , , ,0, , , ,0, ,2003-01-18T00:00:00Z,1985-07-05T00:00:00Z,4.5009362,51.25045982
10088828,5824485,0431495095,VESTACO, , , ,Rechtspersoon,Besloten vennootschap met beperkte aansprakelijkheid,Normale toestand,Kopstraat,380, ,2900,Schoten,Kopstraat,380, ,2900, , , ,0, , , ,0, ,2003-01-18T00:00:00Z,1987-06-25T00:00:00Z,4.50612315,51.26248244
10089492,5825149,2222978197,"Dnoub, Ali",CAR SERVICE SCHOTEN, ,0893741172, , , ,Hofstraat,2,2,2900,Schoten,Hofstraat,2, ,2900, , , ,0,95311,2025,"Algemeen onderhoud en reparatie van autos en lichte bestelwagens (<= 3,5 ton)",1, ,2013-10-21T00:00:00Z,2013-10-01T00:00:00Z,4.4945256,51.24147324
10089662,5825319,2223799135,DINETHICS,DINETHICS, ,0540819441, , , ,Leo Van Hullebuschstraat,106, ,2900,Schoten,Leo Van Hullebuschstraat,106, ,2900, , , ,0, , , ,0, ,2013-11-19T00:00:00Z,2013-10-15T00:00:00Z,4.50239254,51.24595216
10089900,5825557,2224572462,"Vandaele, Magdalena", , ,0542965220, , , ,Paalstraat,389, ,2900,Schoten,Paalstraat,389, ,2900, , , ,0, , , ,0, ,2013-12-12T00:00:00Z,2007-10-09T00:00:00Z,4.5082816,51.26284096
10090164,5825821,0431399580,MITEON, , , ,Rechtspersoon,Vereniging zonder winstoogmerk,Normale toestand,Fortbaan,3, ,2900,Schoten,Fortbaan,3, ,2900, , , ,0, , , ,0, ,2003-01-18T00:00:00Z,1985-11-09T00:00:00Z,4.52143087,51.27406022
10090670,5826327,0430856578,BELGOMAX, , , ,Rechtspersoon,Naamloze vennootschap,Normale toestand,Pelikaandreef,8, ,2900,Schoten,Pelikaandreef,8, ,2900, , , ,0, , , ,0, ,2003-01-18T00:00:00Z,1987-03-26T00:00:00Z,4.49187758,51.27827316
10090751,5826408,0431358208,De Boerderij Delicatessen, , , ,Rechtspersoon,Naamloze vennootschap,Normale toestand,Kruispadstraat,61,6,2900,Schoten,Kruispadstraat,61,6,2900, , , ,0,68203,2025,"Verhuur en exploitatie van eigen of geleased niet-residentieel onroerend goed, exclusief terreinen",1,1 tot 4,2003-01-18T00:00:00Z,1987-06-17T00:00:00Z,4.50340291,51.25281627
10091032,5826689,0433411440,CADinvest, , , ,Rechtspersoon,Besloten Vennootschap,Normale toestand,Lusthofdreef,12, ,2900,Schoten,Lusthofdreef,12, ,2900, , , ,0, , , ,0, ,2003-01-18T00:00:00Z,1988-02-12T00:00:00Z,4.52589812,51.25578923
10091300,5826957,0435813476,MICHIELS EN CO, , , ,Rechtspersoon,Vennootschap onder firma,Vervroegde ontbinding - Vereffening (vrijwillig ontbinding),Wezelsebaan,114, ,2900,Schoten,Wezelsebaan,114, ,2900, , , ,0, , , ,0, ,2003-01-18T00:00:00Z,1988-11-24T00:00:00Z,4.52083845,51.26064001
10091802,5827459,0434819128,IMMO PINORENCO, ,PINORENCO, ,Rechtspersoon,Naamloze vennootschap,Normale toestand,Zaatstraat,28,1,2900,Schoten,Zaatstraat,28,1,2900, , , ,0, , , ,0, ,2003-01-18T00:00:00Z,1988-07-07T00:00:00Z,4.50765688,51.25444181
10092383,5828040,2213893554,"Brand, Roel",Roel Brand, ,0500702518, , , ,Thuretstraat,97, ,2900,Schoten,Thuretstraat,97, ,2900, , , ,0, , , ,0, ,2012-11-09T00:00:00Z,2012-11-12T00:00:00Z,4.4983302,51.25654024
10092539,5828196,2214852171,"Ost, Dirk",Voeten & Tenen Pedicure, ,0501947779, , , ,Ridder Walter Van Havrelaan,169, ,2900,Schoten,Ridder Walter Van Havrelaan,169, ,2900, , , ,0, , , ,0, ,2012-12-18T00:00:00Z,2013-01-01T00:00:00Z,4.49048703,51.25319014
10092921,5828578,2216688243,"Hoti, Arben",Mega Renov, ,0894431060, , , ,Ridder Karel Van Praetstraat,5, ,2900,Schoten,Ridder Karel Van Praetstraat,5, ,2900, , , ,0, , , ,0, ,2013-02-22T00:00:00Z,2013-02-15T00:00:00Z,4.49130054,51.25468801
10093520,5829177,0443553482,Katholieke Turn- en Sportvereniging Sint-Jozef Schoten, ,T.S.V. St-Jozef Schoten, ,Rechtspersoon,Vereniging zonder winstoogmerk,Normale toestand,Ridder Walter Van Havrelaan,278, ,2900,Schoten,Ridder Walter Van Havrelaan,278, ,2900, , , ,0, , , ,0, ,2003-01-18T00:00:00Z,1990-11-23T00:00:00Z,4.48726144,51.25257298
10093879,5829536,0436140704,Continental Trust Company, , , ,Rechtspersoon,Naamloze vennootschap,Normale toestand,Fortbaan,7, ,2900,Schoten,Fortbaan,7, ,2900, , , ,0, , , ,0, ,2003-01-18T00:00:00Z,1988-12-09T00:00:00Z,4.52130711,51.27429119
10094899,5830556,2311051328,JQTM,JQTM, ,0759898691, , , ,Frans Reinemundlei,27, ,2900,Schoten,Frans Reinemundlei,27, ,2900, , , ,0,64210,2025,Activiteiten van holdings,1, ,2020-12-30T00:00:00Z,2020-12-17T00:00:00Z,4.52946155,51.26043056
10094952,5830609,2311286207,"Bux, Jorrit",Bux Cleaning, ,0760864733, , , ,Terheidedreef,39, ,2900,Schoten,Terheidedreef,39, ,2900, , , ,0, , , ,0, ,2021-01-06T00:00:00Z,2021-01-05T00:00:00Z,4.54566834,51.29980172
10095484,5831141,2312834445,2 Move,2 Move, ,0759397855, , , ,Koloniestraat,4, ,2900,Schoten,Koloniestraat,4, ,2900, , , ,0, , , ,0, ,2021-02-09T00:00:00Z,2020-12-03T00:00:00Z,4.46284513,51.2407456
10096937,5832594,2226215128,FBB CONSULT, , ,0543994806, , , ,Pastoor Meeusenlaan,10, ,2900,Schoten,Pastoor Meeusenlaan,10, ,2900, , , ,0, , , ,0, ,2014-02-04T00:00:00Z,2014-01-09T00:00:00Z,4.4956853,51.24835677
10097782,5833439,0436381026,GASTON SCHUL BEHEER, , , ,Rechtspersoon,Naamloze vennootschap,Normale toestand,Schijnparklaan,19, ,2900,Schoten,Schijnparklaan,19, ,2900, , , ,0, , , ,0, ,2003-01-18T00:00:00Z,1988-12-28T00:00:00Z,4.51930074,51.24422191
10099565,5835222,0441249040,PHIL - TRADE, , , ,Rechtspersoon,Besloten Vennootschap,Normale toestand,Goudvinkendreef,14, ,2900,Schoten,Goudvinkendreef,14, ,2900, , , ,0, , , ,0, ,2003-01-18T00:00:00Z,1990-08-28T00:00:00Z,4.52495841,51.24233112
10099681,5835338,0441789171,VORDENSTEYN HOF, , , ,Rechtspersoon,Naamloze vennootschap,Normale toestand,Peerdsbosbaan,6, ,2900,Schoten,Peerdsbosbaan,6, ,2900, , , ,0,68321,2025,Activiteiten van syndici van onroerend goed,1,1 tot 4,2003-01-18T00:00:00Z,1990-08-23T00:00:00Z,4.48848513,51.26346435
10099777,5835434,2217589155,FDM Werken,FDM Werken, ,0521839610, , , ,Brechtsebaan,744A, ,2900,Schoten,Brechtsebaan,744A, ,2900, , , ,0, , , ,0, ,2013-03-27T00:00:00Z,2013-03-07T00:00:00Z,4.54774096,51.29388979
10099900,5835557,2218112163,trc,TRC, ,0524968057, , , ,Vuurkruisenlaan,24, ,2900,Schoten,Vuurkruisenlaan,24, ,2900, , , ,0, , , ,0, ,2013-04-15T00:00:00Z,2013-03-28T00:00:00Z,4.4947371,51.24742489
10099958,5835615,2218560343,"Fierlafijn, Anne",Fierlafijn Anne, ,0763151557, , , ,Valkenlaan,21, ,2900,Schoten,Valkenlaan,21, ,2900, , , ,0, , , ,0, ,2013-05-02T00:00:00Z,2008-01-01T00:00:00Z,4.52086642,51.24501482
10100073,5835730,2219071968,"De Locht, Sonja", , ,0534703887, , , ,Villerslei,2, ,2900,Schoten,Villerslei,2, ,2900, , , ,0, , , ,0, ,2013-05-24T00:00:00Z,1994-02-01T00:00:00Z,4.50791024,51.25214266
10100172,5835829,2219539845,RIGGISBERG,Riggisberg, ,0828218959, , , ,Plataandreef,12, ,2900,Schoten,Plataandreef,12, ,2900, , , ,0, , , ,0, ,2013-06-13T00:00:00Z,2010-08-03T00:00:00Z,4.53644001,51.26961536
10100388,5836045,2220514991,B4Hotels,B4Hotels, ,0536559062, , , ,Grote Singel,31A, ,2900,Schoten,Grote Singel,31A, ,2900, , , ,0, , , ,0, ,2013-07-22T00:00:00Z,2013-07-09T00:00:00Z,4.51901257,51.25897467
10100486,5836143,2220944167,"Porters, Ghislain",Ghislain Porters, ,0875369966, , , ,Lodewijk Weijtenstraat,100, ,2900,Schoten,Lodewijk Weijtenstraat,100, ,2900, , , ,0, , , ,0, ,2013-08-08T00:00:00Z,2013-08-01T00:00:00Z,4.48977686,51.25158863
10101937,5837594,0445417070,JKW, ,445416971, ,Rechtspersoon,Vennootschap onder firma,Normale toestand,Lodewijk Weijtenstraat,37,3,2900,Schoten,Lodewijk Weijtenstraat,37,3,2900, , , ,0, , , ,0, ,2003-01-18T00:00:00Z,1991-10-15T00:00:00Z,4.49204828,51.25147328
10102150,5837807,0446728946,PITT MANAGEMENT, , , ,Rechtspersoon,Commanditaire vennootschap op aandelen,Normale toestand,Alfons Servaislei,53, ,2900,Schoten,Alfons Servaislei,53, ,2900, , , ,0, , , ,0, ,2003-01-18T00:00:00Z,1992-02-24T00:00:00Z,4.52642987,51.2547484
10102561,5838218,2313897584,"Vander Linden, Demi",Atelier D, ,0763863023, , , ,Wezelsebaan,16, ,2900,Schoten,Wezelsebaan,16, ,2900, , , ,0, , , ,0, ,2021-03-04T00:00:00Z,2021-04-01T00:00:00Z,4.51314817,51.26094244
10102629,5838286,2313915697,HIGHTOPP,HIGHTOPP, ,0762752174, , , ,Wezelsebaan,107, ,2900,Schoten,Wezelsebaan,107, ,2900, , , ,0, , , ,0, ,2021-03-04T00:00:00Z,2021-02-01T00:00:00Z,4.51989493,51.26093622
10102905,5838562,2314736536,"Weyns, Jean-Pierre",WEYwood, ,0765518159, , , ,Amerlolaan,1,1,2900,Schoten,Amerlolaan,1,1,2900, , , ,0, , , ,0, ,2021-03-24T00:00:00Z,2021-03-22T00:00:00Z,4.48215878,51.25189418
10102994,5838651,2315009027,De Fré Advocaten,De Fré Advocaten, ,0763801754, , , ,Henri Engelslei,11, ,2900,Schoten,Henri Engelslei,11, ,2900, , , ,0, , , ,0, ,2021-03-30T00:00:00Z,2021-02-18T00:00:00Z,4.53095615,51.25601464
10104016,5839673,0441000996,IMMOLYDEL, , , ,Rechtspersoon,Besloten Vennootschap,Normale toestand,Borkelstraat,43, ,2900,Schoten,Borkelstraat,43, ,2900, , , ,0, , , ,0, ,2003-01-18T00:00:00Z,1990-05-01T00:00:00Z,4.48534643,51.25136875
10104303,5839960,2228986160,DENTAL LINE, , ,0477804083, , , ,Churchilllaan,86, ,2900,Schoten,Churchilllaan,86, ,2900, , , ,0,86230,2025,Activiteiten van tandartspraktijken,1, ,2014-04-11T00:00:00Z,2002-06-17T00:00:00Z,4.49138,51.2503962
10104864,5840521,2231397896,DOKTER JOHAN PEETERMANS, , ,0863163408, , , ,Churchilllaan,180, ,2900,Schoten,Churchilllaan,180, ,2900, , , ,0, , , ,0, ,2014-06-16T00:00:00Z,2004-01-16T00:00:00Z,4.48761976,51.25010048
10105611,5841268,0439336853,TANGENTE, , , ,Rechtspersoon,Vereniging zonder winstoogmerk,Normale toestand,Kuipersakkerstraat,91, ,2900,Schoten,Kuipersakkerstraat,91, ,2900, , , ,0, , , ,0, ,2003-01-18T00:00:00Z,1989-01-31T00:00:00Z,4.51075698,51.24968672
10106277,5841934,0444127663,Directies Vrij Onderwijs, ,DIVO, ,Rechtspersoon,Vereniging zonder winstoogmerk,Normale toestand,Papenaardekenstraat,53, ,2900,Schoten,Papenaardekenstraat,53, ,2900, , , ,0, , , ,0, ,2003-01-18T00:00:00Z,1991-01-21T00:00:00Z,4.48591653,51.2465217
10106318,5841975,0444140630,TECHNIMO, , , ,Rechtspersoon,Naamloze vennootschap,Normale toestand,Schijnparklaan,6, ,2900,Schoten,Schijnparklaan,6, ,2900, , , ,0, , , ,0,0 tot 0,2003-01-18T00:00:00Z,1991-04-22T00:00:00Z,4.51650088,51.24649428
10106435,5842092,0445124090,Natuurbeeld 31, , , ,Rechtspersoon,Vereniging zonder winstoogmerk,Normale toestand,Horstebaan,95, ,2900,Schoten,Horstebaan,95, ,2900, , , ,0, , , ,0, ,2003-01-18T00:00:00Z,1991-04-02T00:00:00Z,4.48548462,51.25743939
10106743,5842400,0443157960,PROSEC, , , ,Rechtspersoon,Vereniging zonder winstoogmerk,Normale toestand,Bremdreef,25, ,2900,Schoten,Bremdreef,25, ,2900, , , ,0, , , ,0, ,2003-01-18T00:00:00Z,1989-12-12T00:00:00Z,4.52466939,51.27027445
10107178,5842835,0446007483,MULTITRADE, , , ,Rechtspersoon,Besloten Vennootschap,Normale toestand,Henri Engelslei,48, ,2900,Schoten,Henri Engelslei,48, ,2900, , , ,0, , , ,0, ,2003-01-18T00:00:00Z,1991-12-19T00:00:00Z,4.5371718,51.25924691
10107446,5843103,2222338096,PWCS,PWCS AGROVOLTAICS, ,0537576572, , , ,Sparrenlaan,2,1,2900,Schoten,Sparrenlaan,2,1,2900, , , ,0, , , ,0, ,2013-10-02T00:00:00Z,2013-08-21T00:00:00Z,4.51544053,51.26089053
10107520,5843177,2222789543,HOTEL PROJECTS CONSULTANTS,Hotel Projects Consultants, ,0536561438, , , ,Eburonenlei,12, ,2900,Schoten,Eburonenlei,12, ,2900, , , ,0, , , ,0, ,2013-10-14T00:00:00Z,2013-07-10T00:00:00Z,4.52801169,51.26765432
10107718,5843375,2223634730,"De Laet, Daisy",Klokwerkt, ,0541798052, , , ,Neerhoeve,14,2,2900,Schoten,Neerhoeve,14,2,2900, , , ,0, , , ,0, ,2013-11-13T00:00:00Z,2013-11-08T00:00:00Z,4.48730299,51.25089932
10108934,5844591,0444969979,ProKaD, , , ,Rechtspersoon,Besloten Vennootschap,Normale toestand,Nerviërslei,22, ,2900,Schoten, , , , , , , ,0, , , ,0, ,2003-01-18T00:00:00Z,1991-08-26T00:00:00Z,2.30668925,49.2933354
10108993,5844650,0445445972,De Roos - Schoten vereniging zonder winstoogmerk, , , ,Rechtspersoon,Vereniging zonder winstoogmerk,Normale toestand,Paalstraat,387,1,2900,Schoten,Paalstraat,387,1,2900, , , ,0, , , ,0, ,2003-01-18T00:00:00Z,1991-07-18T00:00:00Z,4.50822312,51.26273533
10109599,5845256,0450220055,Beroepsvereniging voor Videografen, ,B.V.V., ,Rechtspersoon,Vereniging zonder winstoogmerk,Normale toestand,Hagenlei,31, ,2900,Schoten,Hagenlei,31, ,2900, , , ,0, , , ,0, ,2003-01-18T00:00:00Z,1993-02-24T00:00:00Z,4.51754304,51.24993361
10109806,5845463,2315517187,CIRCET & Infra Fiber,CIRCET & Infra Fiber, ,0766541114, , , ,Zagerijstraat,28, ,2900,Schoten,Zagerijstraat,28, ,2900, , , ,0, , , ,0, ,2021-04-09T00:00:00Z,2021-04-01T00:00:00Z,4.54960016,51.29881632
10109850,5845507,2315528273,"Braem, Shana",Bloom and Blitz, ,0671560593, , , ,Brechtsebaan,898, ,2900,Schoten,Brechtsebaan,898, ,2900, , , ,0, , , ,0, ,2021-04-09T00:00:00Z,2021-04-01T00:00:00Z,4.54997516,51.2952417
10109917,5845574,2315782156,"Kowi, Michael", , ,0813470704, , , ,Alfons Servaislei,25, ,2900,Schoten,Alfons Servaislei,25, ,2900, , , ,0, , , ,0, ,2021-04-15T00:00:00Z,2021-04-01T00:00:00Z,4.51679764,51.25565505
10110292,5845949,2316878058,NEUTRAL NECESSITIES,NEUTRAL NECESSITIES, ,0766375323, , , ,Paalstraat,9, ,2900,Schoten,Paalstraat,9, ,2900, , , ,0, , , ,0, ,2021-05-11T00:00:00Z,2021-04-06T00:00:00Z,4.49881849,51.2514286
10111619,5847276,2231757093,Christelijke Mutualiteit Vlaanderen,CM Antwerpen, ,0874853490, , , ,Gelmelenstraat,103, ,2900,Schoten,Gelmelenstraat,103, ,2900, , , ,0,84302,2025,Ziekenfondsen en zorgkassen,1, ,2014-06-25T00:00:00Z,2014-06-25T00:00:00Z,4.49711393,51.25286833
10111727,5847384,2232178054,E2MS,E2MS, ,0552940382, , , ,Melkerijstraat,38, ,2900,Schoten,Melkerijstraat,38, ,2900, , , ,0,43211,2025,Algemene elektrotechnische installatiewerken,1, ,2014-07-07T00:00:00Z,2014-05-22T00:00:00Z,4.47523789,51.23821226
10112407,5848064,0442799159,IMMO E.F.M., , , ,Rechtspersoon,Naamloze vennootschap,Normale toestand,Koekoekdreef,13, ,2900,Schoten,Koekoekdreef,13, ,2900, , , ,0, , , ,0, ,2003-01-18T00:00:00Z,1990-12-21T00:00:00Z,4.52784952,51.24276777
10112831,5848488,0445669468,STOCKPAR, , , ,Rechtspersoon,Naamloze vennootschap,Normale toestand,Brechtsebaan,200, ,2900,Schoten,Brechtsebaan,200, ,2900, , , ,0, , , ,0, ,2003-01-18T00:00:00Z,1991-11-05T00:00:00Z,4.51752696,51.27010563
10113098,5848755,0443257336,WIJNCURSUS ANACREON, , , ,Rechtspersoon,Vereniging zonder winstoogmerk,Normale toestand,Lode Vleeshouwerslaan,13, ,2900,Schoten,Lode Vleeshouwerslaan,13, ,2900, , , ,0, , , ,0, ,2003-01-18T00:00:00Z,1990-06-01T00:00:00Z,4.469646,51.26388253
10113696,5849353,0447768925,FREBIAN, , , ,Rechtspersoon,Besloten Vennootschap,Normale toestand,Sint-Cordulastraat,20, ,2900,Schoten,Sint-Cordulastraat,20, ,2900, , , ,0, , , ,0,0 tot 0,2003-01-18T00:00:00Z,1992-07-02T00:00:00Z,4.49886598,51.25053763
10113923,5849580,0449047840,Hannah Bluebitch, , , ,Rechtspersoon,Vereniging zonder winstoogmerk,Normale toestand,Merelstraat,16, ,2900,Schoten,Merelstraat,16, ,2900, , , ,0, , , ,0, ,2003-01-18T00:00:00Z,1992-11-20T00:00:00Z,4.49817426,51.25599428
10115335,5850992,2227634395,GERALD MARC,Gerald Marc, ,0546944693, , , ,Terheidedreef,35, ,2900,Schoten,Terheidedreef,35, ,2900, , , ,0, , , ,0, ,2014-03-17T00:00:00Z,2014-03-03T00:00:00Z,4.54596638,51.29952956
10115415,5851072,0451561724,Instituut voor Preventie en Risicobeheer, ,I.P.R., ,Rechtspersoon,Vereniging zonder winstoogmerk,Normale toestand,Spoorwegbaan,4, ,2900,Schoten,Spoorwegbaan,4, ,2900, , , ,0, , , ,0, ,2003-01-18T00:00:00Z,1993-11-01T00:00:00Z,4.51527674,51.27887357
10116401,5852058,0448557989,BELGISCHE KANT ORGANISATIE - ORGANISATION BELGE DE LA DENTELLE, , , ,Rechtspersoon,Vereniging zonder winstoogmerk,Normale toestand,Papenaardekenstraat,198, ,2900,Schoten,Papenaardekenstraat,198, ,2900, , , ,0, , , ,0, ,2003-01-18T00:00:00Z,1992-02-22T00:00:00Z,4.48859086,51.24297563
10117595,5853252,2318502908,DE  KRINGWINKEL ANTWERPEN,Sociale Werkplaats De Kringwinkel Antwerpen, ,0442423037, , , ,Industrielaan,52, ,2900,Schoten,Industrielaan,52, ,2900, , , ,0,88993,2025,Beschutte en sociale werkplaatsen,1, ,2021-06-25T00:00:00Z,2021-07-01T00:00:00Z,4.48036542,51.23900091
10117598,5853255,2318503304,ADM ARCHITECTEN,ADM ARCHITECTEN, ,0769850396, , , ,Adriaan Brouwerstraat,35, ,2900,Schoten,Adriaan Brouwerstraat,35, ,2900, , , ,0, , , ,0, ,2021-06-25T00:00:00Z,2021-06-18T00:00:00Z,4.47904322,51.24453492
10117681,5853338,2318780743,ARTAMUS,ARTAMUS, ,0770344405, , , ,Arthurdreef,5, ,2900,Schoten,Arthurdreef,5, ,2900, , , ,0, , , ,0, ,2021-07-01T00:00:00Z,2021-06-25T00:00:00Z,4.55129417,51.29056448
10117765,5853422,2319035517,Bounie,Bounie, ,0770459716, , , ,Nachtegalenlei,47, ,2900,Schoten,Nachtegalenlei,47, ,2900, , , ,0, , , ,0, ,2021-07-07T00:00:00Z,2021-06-29T00:00:00Z,4.53391704,51.25592037
10119760,5855417,2238128906,"De Maeyer, Sooi",Sooi De Maeyer, ,0506704145, , , ,Deuzeldlaan,136, ,2900,Schoten,Deuzeldlaan,136, ,2900, , , ,0, , , ,0, ,2015-01-16T00:00:00Z,2015-02-01T00:00:00Z,4.46244156,51.24503532
10120227,5855884,0448335384,LILLYWORLD, , , ,Rechtspersoon,Vennootschap onder firma,Normale toestand,Paalstraat,110, ,2900,Schoten,Paalstraat,110, ,2900, , , ,0, , , ,0, ,2003-01-18T00:00:00Z,1992-10-09T00:00:00Z,4.50270676,51.25339367
10120900,5856557,0449083274,VALKIMO, , , ,Rechtspersoon,Commanditaire vennootschap op aandelen,Opening faillissement,Metropoolstraat,1, ,2900,Schoten,Metropoolstraat,1, ,2900, , , ,0, , , ,0, ,2003-01-18T00:00:00Z,1992-12-21T00:00:00Z,4.49051522,51.24124268
10120901,5856558,0449083868,TER HAEGHE, , , ,Rechtspersoon,Commanditaire vennootschap op aandelen,Opening faillissement,Metropoolstraat,1, ,2900,Schoten,Metropoolstraat,1, ,2900, , , ,0, , , ,0, ,2003-01-18T00:00:00Z,1992-12-21T00:00:00Z,4.49051522,51.24124268
10121011,5856668,0449956076,Theater De Lege Kamer, , , ,Rechtspersoon,Vereniging zonder winstoogmerk,Normale toestand,Berkenlei,20, ,2900,Schoten,Berkenlei,20, ,2900, , , ,0, , , ,0, ,2003-01-18T00:00:00Z,1993-01-11T00:00:00Z,4.51766809,51.24797705
10122255,5857912,2228421184,"van Geel, Dirk", , ,0687362685, , , ,Begonialaan,1,a,2900,Schoten,Begonialaan,1, ,2900, , , ,0, , , ,0, ,2014-04-02T00:00:00Z,2014-02-03T00:00:00Z,4.50894875,51.25686612
10122778,5858435,2230759676,Kerkfabriek Sint-Cordula (VL - Schoten), , ,0211397642, , , ,Verbertstraat,23, ,2900,Schoten,Verbertstraat,23, ,2900, , , ,0,94910,2025,Activiteiten van religieuze organisaties,1, ,2014-05-28T00:00:00Z,2003-04-01T00:00:00Z,4.49820725,51.24903525
10123196,5858853,0457103095,De Vrienden van Sint-Jozef, , , ,Rechtspersoon,Vereniging zonder winstoogmerk,Normale toestand,Ooievaarsdreef,10, ,2900,Schoten,Ooievaarsdreef,10, ,2900, , , ,0, , , ,0, ,2003-01-19T00:00:00Z,1995-10-04T00:00:00Z,4.49798585,51.27785801
10123801,5859458,0451933886,De Halve Waarheid, , , ,Rechtspersoon,Vereniging zonder winstoogmerk,Normale toestand,Frans De Ceusterlei,25, ,2900,Schoten, , , , , , , ,0, , , ,0, ,2003-01-18T00:00:00Z,1994-01-01T00:00:00Z,2.30668925,49.2933354
10124903,5860560,2320379560,KATHARININVEST,KATHARININVEST, ,0759592053, , , ,Botermelkdijk,500, ,2900,Schoten,Botermelkdijk,500, ,2900, , , ,0, , , ,0, ,2021-08-17T00:00:00Z,2021-01-29T00:00:00Z,4.53599597,51.28225117
10124932,5860589,2320384807,FROVESTE,FROVESTE, ,0762859072, , , ,Botermelkdijk,500, ,2900,Schoten,Botermelkdijk,500, ,2900, , , ,0, , , ,0, ,2021-08-17T00:00:00Z,2021-01-29T00:00:00Z,4.53599597,51.28225117
10124937,5860594,2320621565,"Geijsen, Marcelle",Shiatsu Therapeute Marcella, ,0831355920, , , ,Paalstraat,135, ,2900,Schoten,Paalstraat,135, ,2900, , , ,0, , , ,0, ,2021-08-25T00:00:00Z,2021-07-20T00:00:00Z,4.50275967,51.25425693
10124940,5860597,2320622060,YDRO,YDRO, ,0772754458, , , ,Lodewijk Verheijenstraat,2,A002,2900,Schoten,Lodewijk Verheijenstraat,2A,2,2900, , , ,0, , , ,0, ,2021-08-25T00:00:00Z,2021-08-23T00:00:00Z,4.46820317,51.25048028
10126575,5862232,2238920841,Van Looy Kathy,Van Looy Kathy, ,0555817324, , , ,Goudvinkendreef,7, ,2900,Schoten,Goudvinkendreef,7, ,2900, , , ,0, , , ,0, ,2015-02-09T00:00:00Z,2014-07-08T00:00:00Z,4.52526652,51.24320627
10126736,5862393,2239715944,"Rombouts, Ellen",Ellen Rombouts, ,0599914613, , , ,Victor Adriaenssensstraat,12,2,2900,Schoten,Victor Adriaenssensstraat,12,2,2900, , , ,0, , , ,0, ,2015-03-05T00:00:00Z,2015-02-25T00:00:00Z,4.49719689,51.24688545
10127989,5863646,0450429495,Art Affairs, , , ,Rechtspersoon,Vereniging zonder winstoogmerk,Normale toestand,Jozef Hendrickxstraat,56,11,2900,Schoten,Jozef Hendrickxstraat,56,11,2900, , , ,0, , , ,0, ,2003-01-18T00:00:00Z,1993-05-15T00:00:00Z,4.49199128,51.24958931
10128431,5864088,0453844885,VOLKERT HOLDING, , , ,Rechtspersoon,Besloten vennootschap met beperkte aansprakelijkheid,Vervroegde ontbinding - vereffening (vrijwillige ontbinding),Rosierslei,11, ,2900,Schoten,Rosierslei,11, ,2900, , , ,0, , , ,0, ,2003-01-19T00:00:00Z,1994-11-25T00:00:00Z,4.52422885,51.25251342
10129207,5864864,0454651470,BG DISTRIBUTION, , , ,Rechtspersoon,Naamloze vennootschap,Opening faillissement,Metropoolstraat,1, ,2900,Schoten,Metropoolstraat,1, ,2900, , , ,0, , , ,0, ,2003-01-19T00:00:00Z,1995-02-24T00:00:00Z,4.49051522,51.24124268
10129942,5865599,2232815284,Phase EIght (Belgium ) Limited,Phase Eight (Inno Schoten), ,0542900585, , , ,Bredabaan,967, ,2900,Schoten,Bredabaan,967, ,2900, , , ,0, , , ,0, ,2014-07-25T00:00:00Z,2014-02-26T00:00:00Z,4.46556965,51.2581164
10131617,5867274,0458671626,Golden Retriever Club Belgium, ,G.R.C.B., ,Rechtspersoon,Vereniging zonder winstoogmerk,Normale toestand,Brechtsebaan,708, ,2900,Schoten,Brechtsebaan,708, ,2900, , , ,0, , , ,0, ,2003-01-19T00:00:00Z,1996-04-01T00:00:00Z,4.54559502,51.29275863
10131849,5867506,0460258862,DR. PHILIPPE MASURE, , , ,Rechtspersoon,Besloten Vennootschap,Normale toestand,Jozef Hendrickxstraat,62-64, ,2900,Schoten,Jozef Hendrickxstraat,62, ,2900, , , ,0, , , ,0, ,2003-01-19T00:00:00Z,1997-03-17T00:00:00Z,4.4916189,51.24931735
10132210,5867867,2322272149,ROOFER,ROOFER, ,0774653084, , , ,Antoon Wolfsstraat,26,4,2900,Schoten,Antoon Wolfsstraat,26,4,2900, , , ,0, , , ,0, ,2021-10-05T00:00:00Z,2021-09-28T00:00:00Z,4.48850936,51.25454797
10132474,5868131,2323107438,Tene Quod Bene,Tene Quod Bene, ,0774755727, , , ,Paalstraat,7, ,2900,Schoten,Paalstraat,7, ,2900, , , ,0, , , ,0, ,2021-10-22T00:00:00Z,2021-09-29T00:00:00Z,4.49872456,51.25138871
10132773,5868430,0678809760,"Vereniging van Mede-eigenaars van het gebouw te Schoten, Kuipersstraat 37", , , ,Rechtspersoon,Vereniging van Mede-eigenaars,Normale toestand,Kuipersstraat,37, ,2900,Schoten,Kuipersstraat,37, ,2900, , , ,0, , , ,0, ,2017-07-24T00:00:00Z,1995-08-01T00:00:00Z,4.49621312,51.25150579
10133010,5868667,0681519525,"Vereniging van Mede-eigenaars van het gebouw te Schoten, Eethuisstraat 13", , , ,Rechtspersoon,Vereniging van Mede-eigenaars,Normale toestand,Eethuisstraat,13, ,2900,Schoten,Eethuisstraat,13, ,2900, , , ,0, , , ,0, ,2017-09-19T00:00:00Z,2017-07-05T00:00:00Z,4.46486644,51.24935431
10134170,5869827,2243048982,"Schryvers, Alexander", , ,0632876005, , , ,Nerviërslei,28, ,2900,Schoten, , , , , , , ,0, , , ,0, ,2015-06-30T00:00:00Z,2015-07-01T00:00:00Z,2.30668925,49.2933354
10134253,5869910,2243080062,HOOKtones,HOOKtones, ,0631868589, , , ,Schijnparklaan,31, ,2900,Schoten,Schijnparklaan,31, ,2900, , , ,0, , , ,0, ,2015-07-01T00:00:00Z,2015-06-09T00:00:00Z,4.5206885,51.24263755
10134383,5870040,2243893773,Obvious Advocaten,Obvious Advocaten, ,0634591222, , , ,Sint-Amelbergalei,26, ,2900,Schoten,Sint-Amelbergalei,26, ,2900, , , ,0, , , ,0, ,2015-07-29T00:00:00Z,2015-07-24T00:00:00Z,4.52902715,51.24914033
10134408,5870065,2243902582,MOORE & TROUCHET TRUST,Moore & Trouchet Trust, ,0633754745, , , ,Sluizenstraat,55, ,2900,Schoten,Sluizenstraat,55, ,2900, , , ,0, , , ,0, ,2015-07-29T00:00:00Z,2015-07-10T00:00:00Z,4.50664796,51.24771319
10134589,5870246,2244727577,Surgent,"MEDISCH KABINET DR. DECOSTER, SPOEDARTS", ,0634887368, , , ,Zandstappenstraat,4,3,2900,Schoten,Zandstappenstraat,4,3,2900, , , ,0, , , ,0, ,2015-08-28T00:00:00Z,2015-08-06T00:00:00Z,4.50415872,51.25516063
10135528,5871185,0454721746,Backeljauw fanclub, , , ,Rechtspersoon,Vereniging zonder winstoogmerk,Vervroegde ontbinding - Vereffening (vrijwillig ontbinding),Alpenroosbaan,25, ,2900,Schoten,Alpenroosbaan,25, ,2900, , , ,0, , , ,0, ,2003-01-19T00:00:00Z,1994-10-25T00:00:00Z,4.52040017,51.27516647
10137091,5872748,2234967496,ACD-PROJECTS,ACD-PROJECTS, ,0559834609, , , ,Amazonendreef,7, ,2900,Schoten,Amazonendreef,7, ,2900, , , ,0, , , ,0, ,2014-10-02T00:00:00Z,2014-08-12T00:00:00Z,4.53148515,51.24780858
10137156,5872813,2235427554,NEDEE CONSULTING,NEDEE CONSULTING, ,0563562575, , , ,Wouwersdreef,5, ,2900,Schoten,Wouwersdreef,5, ,2900, , , ,0, , , ,0, ,2014-10-14T00:00:00Z,2014-10-14T00:00:00Z,4.54225214,51.26701142
10137359,5873016,2236317974,"Bequet, Anne",Apotheker Bequet A - M, ,0814818905, , , ,Sint-Benedictusdreef,10, ,2900,Schoten,Sint-Benedictusdreef,10, ,2900, , , ,0, , , ,0, ,2014-11-13T00:00:00Z,1986-10-01T00:00:00Z,4.5280954,51.24814902
10137473,5873130,2237142375,Management 4 Results,Management 4 retail, ,0567998346, , , ,Leeuwerikenlei,7, ,2900,Schoten,Leeuwerikenlei,7, ,2900, , , ,0, , , ,0, ,2014-12-12T00:00:00Z,2014-10-30T00:00:00Z,4.52091662,51.25359517
10137931,5873588,0462567858,NICHOLLS EN PARTNERS, , , ,Rechtspersoon,Besloten Vennootschap,Normale toestand,Kraaienlei,10, ,2900,Schoten,Kraaienlei,10, ,2900, , , ,0, , , ,0,0 tot 0,2003-01-19T00:00:00Z,1998-01-28T00:00:00Z,4.51227844,51.24742431
10138253,5873910,0456668179,Balance-pooling, , , ,Rechtspersoon,Vereniging zonder winstoogmerk,Normale toestand,Akkerlaan,28, ,2900,Schoten,Akkerlaan,28, ,2900, , , ,0, , , ,0, ,2003-01-19T00:00:00Z,1995-07-10T00:00:00Z,4.50792484,51.24708421
10138719,5874376,0459069326,Up With People Alumni Travel Exchange Club, ,Uwpatec, ,Rechtspersoon,Vereniging zonder winstoogmerk,Normale toestand,Laaglandlei,62, ,2900,Schoten,Laaglandlei,62, ,2900, , , ,0, , , ,0, ,2003-01-19T00:00:00Z,1996-08-28T00:00:00Z,4.51295417,51.2501545
10139398,5875055,2323925406,BD-TECH,BD-TECH - OUTCAMP, ,0777259020, , , ,Ridder Walter Van Havrelaan,118,5,2900,Schoten,Ridder Walter Van Havrelaan,118,5,2900, , , ,0, , , ,0, ,2021-11-16T00:00:00Z,2021-11-10T00:00:00Z,4.48866059,51.25298781
10139456,5875113,2323940153,Utopia Legis,Utopia Legis, ,0775767002, , , ,Eugeen De Bocklaan,12, ,2900,Schoten, , , , , , , ,0, , , ,0, ,2021-11-16T00:00:00Z,2021-10-14T00:00:00Z,2.30668925,49.2933354
10139462,5875119,2323941044,"Goos, Rob",RG-Media - minimaison, ,0777381952, , , ,Tijllaan,6, ,2900,Schoten,Tijllaan,6, ,2900, , , ,0, , , ,0, ,2021-11-16T00:00:00Z,2021-11-08T00:00:00Z,4.51358121,51.26212746
10139534,5875191,2324191363,Magazijnen Donckers,Magazijnen Donckers, ,0424255135, , , ,Bredabaan,1259-1261, ,2900,Schoten,Bredabaan,1259, ,2900, , , ,0, , , ,0, ,2021-11-23T00:00:00Z,1983-03-31T00:00:00Z,4.46386427,51.26597757
10139721,5875378,2324702691,Steven Roymans BV, , ,0755668701, , , ,Deuzeldlaan,122, ,2900,Schoten,Deuzeldlaan,122, ,2900, , , ,0, , , ,0, ,2021-12-07T00:00:00Z,2021-11-15T00:00:00Z,4.46310021,51.24505529
10141424,5877081,2245625620,Notariële bestuursvennootschap Luc Bracke,Notariële bestuursvennootschap Luc Bracke, ,0634888754, , , ,Bosschaert de Bouwellei,4C, ,2900,Schoten,Bosschaert de Bouwellei,4C, ,2900, , , ,0, , , ,0, ,2015-09-25T00:00:00Z,2015-08-06T00:00:00Z,4.54186618,51.26052669
10141626,5877283,2246516832,"Noots, Valerie", , ,0641751109, , , ,Kuipersstraat,6, ,2900,Schoten,Kuipersstraat,6, ,2900, , , ,0, , , ,0, ,2015-10-21T00:00:00Z,2015-10-21T00:00:00Z,4.49714383,51.2497019
10141664,5877321,2246923935,Mario Invest,Mario Invest, ,0636882006, , , ,Kruiningenstraat,180, ,2900,Schoten,Kruiningenstraat, , , , , , ,0, , , ,0, ,2015-11-03T00:00:00Z,2015-09-09T00:00:00Z,2.30668925,49.2933354
10141853,5877510,2247715672,Büchli België,Büchli België, ,0642960144, , , ,Industrielaan,49, ,2900,Schoten,Industrielaan,49, ,2900, , , ,0,95313,2025,Reparatie en montage van specifieke auto-onderdelen,1, ,2015-12-02T00:00:00Z,2015-12-02T00:00:00Z,4.47846839,51.23830601
10144202,5879859,0462239444,LA POBLACION PABLO NERUDA, ,LaPPaN, ,Rechtspersoon,Vereniging zonder winstoogmerk,Normale toestand,André Ullenslei,12, ,2900,Schoten, , , , , , , ,0, , , ,0, ,2003-01-19T00:00:00Z,1997-10-25T00:00:00Z,2.30668925,49.2933354
10144498,5880155,2238361508,XTRA-INVEST,XTRA-INVEST GCV, ,0506873005, , , ,Trevierenlei,19, ,2900,Schoten,Trevierenlei,19, ,2900, , , ,0, , , ,0, ,2015-01-23T00:00:00Z,2014-11-26T00:00:00Z,4.52596947,51.26876917
10144506,5880163,2238365466,"Harpal, Viresh",V-Solutions, ,0568875997, , , ,Ridder Walter Van Havrelaan,61,2,2900,Schoten,Ridder Walter Van Havrelaan,61,2,2900, , , ,0, , , ,0, ,2015-01-23T00:00:00Z,2015-01-15T00:00:00Z,4.49370968,51.2548594
10144998,5880655,2240794921,"De Feyter, Olivier", , ,0628435779, , , ,Heidebloemlei,56, ,2900,Schoten,Heidebloemlei,56, ,2900, , , ,0, , , ,0, ,2015-04-08T00:00:00Z,2015-04-07T00:00:00Z,4.5175245,51.25616512
10147524,5883181,2327650897,"Dernjani, Albin",ALL IN CLEANING&CARWASH, ,0781692415, , , ,Kruiningenstraat,24,4,2900,Schoten,Kruiningenstraat,24,4,2900, , , ,0, , , ,0, ,2022-02-15T00:00:00Z,2022-02-08T00:00:00Z,4.47046246,51.24458733
10148911,5884568,2249264110,DHZG,DHZG, ,0645830156, , , ,Winkelstap,81, ,2900,Schoten,Winkelstap,81, ,2900, , , ,0,95311,2025,"Algemeen onderhoud en reparatie van autos en lichte bestelwagens (<= 3,5 ton)",1, ,2016-01-22T00:00:00Z,2016-01-12T00:00:00Z,4.4650832,51.25324112
10149276,5884933,2250761472,PRIME SERVICES,CADO N°1, ,0633713668, , , ,Calesbergdreef,12, ,2900,Schoten,Calesbergdreef,12, ,2900, , , ,0, , , ,0, ,2016-03-08T00:00:00Z,2016-03-01T00:00:00Z,4.46733474,51.25038403
10149745,5885402,0461272909,FINANCIA NV/SA,FINACO - HYPOFINANCE - FHF,FHF, ,Rechtspersoon,Naamloze vennootschap,Vervroegde ontbinding - vereffening (vrijwillige ontbinding),Schijnparklaan,31, ,2900,Schoten,Schijnparklaan,31, ,2900, , , ,0, , , ,0,1 tot 4,2003-01-19T00:00:00Z,1997-08-01T00:00:00Z,4.5206885,51.24263755
10150148,5885805,0460089113,MEDUSA, , , ,Rechtspersoon,Vereniging zonder winstoogmerk,Vervroegde ontbinding - Vereffening (vrijwillig ontbinding),Bremdreef,6, ,2900,Schoten,Bremdreef,6, ,2900, , , ,0, , , ,0, ,2003-01-19T00:00:00Z,1997-01-07T00:00:00Z,4.52133254,51.26839066
10151537,5887194,0464808954,ESCULTOR, , , ,Rechtspersoon,Vereniging zonder winstoogmerk,Normale toestand,Esdoorndreef,15, ,2900,Schoten,Esdoorndreef,15, ,2900, , , ,0, , , ,0, ,2003-01-19T00:00:00Z,1998-10-19T00:00:00Z,4.51739045,51.27927998
10152102,5887759,2242474209,"Huyghebaert, Mathijs",Matisu, ,0631885021, , , ,Papenaardekenstraat,23, ,2900,Schoten,Papenaardekenstraat,23, ,2900, , , ,0, , , ,0, ,2015-06-09T00:00:00Z,2015-07-01T00:00:00Z,4.48640873,51.24859984
10152167,5887824,2242887151,Fidelio Management,YORIK TORREELE, ,0631864829, , , ,Wezelsebaan,92, ,2900,Schoten,Wezelsebaan,92, ,2900, , , ,0, , , ,0, ,2015-06-24T00:00:00Z,2015-07-01T00:00:00Z,4.51660448,51.26008103
10152186,5887843,2242892990,ACE 5,The KVR Company, ,0631885318, , , ,Bredabaan,1026,4,2900,Schoten,Bredabaan,1026,4,2900, , , ,0, , , ,0, ,2015-06-24T00:00:00Z,2015-06-01T00:00:00Z,4.46266494,51.26773897
10152285,5887942,2243335133,"De Rycke, Natascha",Esthetic Lounge, ,0818524206, , , ,Houtduivendreef,12, ,2900,Schoten,Houtduivendreef,12, ,2900, , , ,0, , , ,0, ,2015-07-08T00:00:00Z,2015-07-01T00:00:00Z,4.52675936,51.24164022
10152624,5888281,0468168223,Willem Elsschotgenootschap, ,W.E.G., ,Rechtspersoon,Vereniging zonder winstoogmerk,Normale toestand,Wezelsebaan,195, ,2900,Schoten,Wezelsebaan,195, ,2900, , , ,0, , , ,0, ,2003-01-19T00:00:00Z,1999-04-10T00:00:00Z,4.54227384,51.26377148
10152718,5888375,0470608663,Zaalvoetbalclub FC Fantastika, , , ,Rechtspersoon,Vereniging zonder winstoogmerk,Normale toestand,Adriaan Brouwerstraat,45, ,2900,Schoten,Adriaan Brouwerstraat,45, ,2900, , , ,0, , , ,0, ,2003-01-19T00:00:00Z,2000-02-17T00:00:00Z,4.47945003,51.24433778
10154347,5890004,2328162029,Gift2Give,Gift2Give, ,0502928073, , , ,Priorijlaan,3, ,2900,Schoten,Priorijlaan,3, ,2900, , , ,0, , , ,0, ,2022-03-01T00:00:00Z,2022-01-01T00:00:00Z,4.52745179,51.25212928
10154566,5890223,2328665340,ACS Kiné,ACS Kiné, ,0782443570, , , ,Kopstraat,354, ,2900,Schoten,Kopstraat,354, ,2900, , , ,0, , , ,0, ,2022-03-14T00:00:00Z,2021-11-30T00:00:00Z,4.50521844,51.26145398
10154887,5890544,2329636726,Loewie Biskwie,Loewie Biskwie, ,0781418835, , , ,Eikenlei,22, ,2900,Schoten,Eikenlei,22, ,2900, , , ,0,10720,2025,"Vervaardiging van beschuit, biscuit en houdbaar banketbakkerswerk",1, ,2022-04-06T00:00:00Z,2022-02-01T00:00:00Z,4.5167664,51.25022077
10155541,5891198,0462756910,II - MUSIC, , , ,Rechtspersoon,Besloten vennootschap met beperkte aansprakelijkheid,Vervroegde ontbinding - vereffening (vrijwillige ontbinding),Ridder Walter Van Havrelaan,120,2,2900,Schoten,Ridder Walter Van Havrelaan,120,2,2900, , , ,0, , , ,0, ,2003-01-19T00:00:00Z,1998-02-19T00:00:00Z,4.48846964,51.25292445
10157033,5892690,0463459961,BASKETBAL CLUB SCHOTEN, ,BC SCHOTEN VZW, ,Rechtspersoon,Vereniging zonder winstoogmerk,Normale toestand,Horstebaan,95, ,2900,Schoten,Horstebaan,95, ,2900, , , ,0, , , ,0, ,2003-01-19T00:00:00Z,1998-03-16T00:00:00Z,4.48548462,51.25743939
10157285,5892942,0464567840,WERNER WAGEMANS BOEKHOUDKANTOOR, , , ,Rechtspersoon,Vennootschap onder firma,Normale toestand,Bosnimfdreef,5, ,2900,Schoten,Bosnimfdreef,5, ,2900, , , ,0, , , ,0, ,2003-01-19T00:00:00Z,1998-09-30T00:00:00Z,4.5222477,51.27255794
10157305,5892962,0464890613,KIM - EXPRESS, , , ,Rechtspersoon,Vereniging zonder winstoogmerk,Normale toestand,Brechtsebaan,702, ,2900,Schoten,Brechtsebaan,702, ,2900, , , ,0, , , ,0, ,2003-01-19T00:00:00Z,1998-09-10T00:00:00Z,4.54495067,51.29246299
10157410,5893067,0465263963,BEACH VOLLEY SYDNEY 2000, ,B.V.S. 2000, ,Rechtspersoon,Vereniging zonder winstoogmerk,Normale toestand,Wezelsebaan,192, ,2900,Schoten,Wezelsebaan,192, ,2900, , , ,0, , , ,0, ,2003-01-19T00:00:00Z,1999-03-04T00:00:00Z,4.53195598,51.26171784
10157546,5893203,0463064835,Breughel' 88 VZW, , , ,Rechtspersoon,Vereniging zonder winstoogmerk,Normale toestand,Ridder Walter Van Havrelaan,20,20,2900,Schoten,Ridder Walter Van Havrelaan,20,20,2900, , , ,0, , , ,0, ,2003-01-19T00:00:00Z,1998-02-15T00:00:00Z,4.49393294,51.25563745
10159176,5894833,2244549019,"Cosemans, Petra",Petra Cosemans fotografie, ,0684418835, , , ,Peerdsbosbaan,200, ,2900,Schoten,Peerdsbosbaan,200, ,2900, , , ,0, , , ,0, ,2015-08-24T00:00:00Z,2015-07-01T00:00:00Z,4.48457703,51.2743983
10159221,5894878,2244566835,"Steensels, Pascale",Back & Soul, ,0635638030, , , ,Alice Nahonlei,78, ,2900,Schoten,Alice Nahonlei,78, ,2900, , , ,0, , , ,0, ,2015-08-24T00:00:00Z,2015-10-01T00:00:00Z,4.53794428,51.26370695
10159694,5895351,2246771210,"Peetermans, Veerle", , ,0779190607, , , ,Alfons Servaislei,3A, ,2900,Schoten,Alfons Servaislei,3A, ,2900, , , ,0, , , ,0, ,2015-10-29T00:00:00Z,2015-01-01T00:00:00Z,4.51495997,51.25286945
10161076,5896733,0472454336,INTERNETGEBRUIKERS BELGIE, ,INBEL, ,Rechtspersoon,Vereniging zonder winstoogmerk,Normale toestand,Leo Van Hullebuschstraat,209, ,2900,Schoten,Leo Van Hullebuschstraat,209, ,2900, , , ,0, , , ,0, ,2003-01-19T00:00:00Z,2000-08-10T00:00:00Z,4.50135408,51.24483618
10162285,5897942,2331630570,ALAVI COMPANY,ALAVI COMPANY, ,0785628833, , , ,Maurits Luyckxstraat,9, ,2900,Schoten,Maurits Luyckxstraat,9, ,2900, , , ,0, , , ,0, ,2022-06-01T00:00:00Z,2022-06-01T00:00:00Z,4.45895222,51.24277831
10163829,5899486,2255857140,Covi Solutions,Covi solutions, ,0658818951, , , ,Junolaan,21, ,2900,Schoten,Junolaan,21, ,2900, , , ,0, , , ,0, ,2016-09-01T00:00:00Z,2016-07-04T00:00:00Z,4.52104035,51.2782814
10163938,5899595,2256273349,CLEARFOCUS,CLEARFOCUS, ,0649756181, , , ,Jozef Hendrickxstraat,112, ,2900,Schoten,Jozef Hendrickxstraat,112, ,2900, , , ,0, , , ,0, ,2016-09-16T00:00:00Z,2016-10-01T00:00:00Z,4.4885122,51.24911068
10164074,5899731,2257086961,PT Constructies,PT Constructies, ,0662412901, , , ,Toekomstlaan,119-121, ,2900,Schoten,Toekomstlaan,119, ,2900, , , ,0, , , ,0, ,2016-10-07T00:00:00Z,2016-09-08T00:00:00Z,4.45820502,51.2423451
10164090,5899747,2257093097,"Verdoodt, Kris",VERDOODT Kris, ,0859785531, , , ,Voorkempenlaan,8A, ,2900,Schoten,Voorkempenlaan,8A, ,2900, , , ,0, , , ,0, ,2016-10-07T00:00:00Z,2016-10-01T00:00:00Z,4.48943326,51.24663966
10164239,5899896,2257535438,Elevate Trading,Elevate Trading, ,0656780466, , , ,Eekhoornlei,29, ,2900,Schoten,Eekhoornlei,29, ,2900, , , ,0, , , ,0, ,2016-10-20T00:00:00Z,2016-06-20T00:00:00Z,4.52752361,51.26486916
10166414,5902071,0473274183,BUDO - TIGERS - BELGIUM, , , ,Rechtspersoon,Vereniging zonder winstoogmerk,Normale toestand,Boekenborglei,42, ,2900,Schoten,Boekenborglei,42, ,2900, , , ,0, , , ,0, ,2003-01-19T00:00:00Z,2000-11-23T00:00:00Z,4.45991406,51.24450835
10166529,5902186,0473889144,DOKTER MICHEL BOEVE, , , ,Rechtspersoon,Besloten Vennootschap,Normale toestand,Churchilllaan,37, ,2900,Schoten,Churchilllaan,37, ,2900, , , ,0, , , ,0,1 tot 4,2003-01-19T00:00:00Z,2001-01-18T00:00:00Z,4.49606011,51.25039536
10166620,5902277,2247972129,"Janssens, Kristof",Jansography, ,0642779804, , , ,Astriddreef,8, ,2900,Schoten,Astriddreef,8, ,2900, , , ,0, , , ,0, ,2015-12-10T00:00:00Z,2016-01-15T00:00:00Z,4.55136752,51.29113395
10166743,5902400,2248743575,Albus Quisquam,Albus Quisquam, ,0645649816, , , ,Koekoekdreef,4, ,2900,Schoten,Koekoekdreef,4, ,2900, , , ,0, , , ,0, ,2016-01-08T00:00:00Z,2016-01-06T00:00:00Z,4.52559788,51.24405172
10167154,5902811,2250231536,"Erdoǧan, Murat",Appleandoats, ,0648819736, , , ,Van Immerseelstraat,8,1,2900,Schoten,Van Immerseelstraat,8,2,2900, , , ,0, , , ,0, ,2016-02-19T00:00:00Z,2016-02-19T00:00:00Z,4.47410773,51.24457432
10167254,5902911,2250610727,DE BLOCK,JUMPY / DE BLOCK, ,0645976547, , , ,Kruiningenstraat,173, ,2900,Schoten,Kruiningenstraat,173, ,2900, , , ,0, , , ,0, ,2016-03-03T00:00:00Z,2016-01-14T00:00:00Z,4.4735789,51.2419289
10167979,5903636,0471786323,TAFELTENNISCLUB KONINGSHOF, ,TTK Koningshof, ,Rechtspersoon,Vereniging zonder winstoogmerk,Normale toestand,Zonnedauwlaan,20, ,2900,Schoten,Zonnedauwlaan,20, ,2900, , , ,0, , , ,0, ,2003-01-19T00:00:00Z,1999-09-10T00:00:00Z,4.50967295,51.2602941
10168348,5904005,0473510250,SCHOTEN ATLETIEK VERENIGING, ,SAV, ,Rechtspersoon,Vereniging zonder winstoogmerk,Normale toestand,Kasteeldreef,49, ,2900,Schoten,Kasteeldreef,49, ,2900, , , ,0, , , ,0, ,2003-01-19T00:00:00Z,2000-11-08T00:00:00Z,4.49118539,51.24618223
10169838,5905495,0717960643,"Vereniging van Mede-eigenaars van het gebouw te Schoten, Lodewijk Weijtenstraat 59-61 (volgens ba) thans 63", , , ,Rechtspersoon,Vereniging van Mede-eigenaars,Normale toestand,Lodewijk Weijtenstraat,63, ,2900,Schoten,Lodewijk Weijtenstraat,63, ,2900, , , ,0, , , ,0, ,2019-01-11T00:00:00Z,1995-08-01T00:00:00Z,4.49092259,51.25133793
10169997,5905654,0719497005,TOPconstructions & More,TOPconstructions & More,TOPconstructions & More, ,Rechtspersoon,Gewone commanditaire vennootschap,Normale toestand,Rodeborgstraat,64,1,2900,Schoten,Rodeborgstraat,64,1,2900, , , ,0, , , ,0, ,2019-01-28T00:00:00Z,2019-01-28T00:00:00Z,4.49964887,51.25384409
10170172,5905829,0720987538,FAM. HENDRICKX, , , ,Rechtspersoon,Vennootschap of vereniging zonder rechtspersoonlijkheid,Normale toestand,Henri Dunantlaan,13, ,2900,Schoten,Henri Dunantlaan,13, ,2900, , , ,0, , , ,0, ,2019-02-21T00:00:00Z,2016-11-02T00:00:00Z,4.4963211,51.24499697
10170368,5906025,0722581209,"Verenging van Mede-eigenaars van het gebouw te Schoten, Heikantstraat 166", , , ,Rechtspersoon,Vereniging van Mede-eigenaars,Normale toestand,Heikantstraat,166, ,2900,Schoten,Heikantstraat,166, ,2900, , , ,0, , , ,0, ,2019-03-11T00:00:00Z,1995-08-01T00:00:00Z,4.51086447,51.25807508
10171096,5906753,2258322128,"ACCOUNTANTSKANTOOR BOEL, MAES & CO","ACCOUNTANTSKANTOOR BOEL, MAES & CO", ,0665933803, , , ,Kuipersstraat,14, ,2900,Schoten,Kuipersstraat,14, ,2900, , , ,0,69202,2025,Activiteiten van gecertificeerde belastingadviseurs,1, ,2016-11-17T00:00:00Z,2016-11-14T00:00:00Z,4.49720443,51.24991666
10171325,5906982,2259444853,Huybrechts & Pauwels,Huybrechts-Pauwels, ,0633773254, , , ,Brechtsebaan,200, ,2900,Schoten,Brechtsebaan,200, ,2900, , , ,0,69202,2025,Activiteiten van gecertificeerde belastingadviseurs,1, ,2016-12-26T00:00:00Z,2016-12-14T00:00:00Z,4.51752696,51.27010563
10171653,5907310,2260495225,DIETER DE MOL,DIETER DE MOL, ,0669631283, , , ,Kempensedreef,20, ,2900,Schoten,Kempensedreef,20, ,2900, , , ,0, , , ,0, ,2017-01-24T00:00:00Z,2017-01-16T00:00:00Z,4.53505035,51.29068665
10173175,5908832,0475615645,DR. DIRK VERRESEN, , , ,Rechtspersoon,Besloten Vennootschap,Normale toestand,Ransuildreef,14, ,2900,Schoten,Ransuildreef,14, ,2900, , , ,0, , , ,0, ,2003-01-19T00:00:00Z,2001-08-29T00:00:00Z,4.52125753,51.24610604
10174648,5910305,2253292677,"Van Daele, Els",Els  Van Daele, ,0655838279, , , ,Liebiglaan,100, ,2900,Schoten,Liebiglaan,100, ,2900, , , ,0, , , ,0, ,2016-06-01T00:00:00Z,2016-06-01T00:00:00Z,4.4751077,51.24281171
10176491,5912148,2333836826,Codersclub,Codersclub, ,0788811027, , , ,Jozef Hendrickxstraat,111, ,2900,Schoten,Jozef Hendrickxstraat,111, ,2900, , , ,0, , , ,0, ,2022-08-04T00:00:00Z,2022-07-22T00:00:00Z,4.48937253,51.24883844
10176693,5912350,2334325091,"Verwulgen, Stijn",INNOVANTE, ,0789823191, , , ,Kempensedreef,12, ,2900,Schoten,Kempensedreef,12, ,2900, , , ,0, , , ,0, ,2022-08-22T00:00:00Z,2022-08-01T00:00:00Z,4.53542014,51.28995683
10176742,5912399,2334333308,MGM,MGM, ,0789743811, , , ,Venstraat,79, ,2900,Schoten,Venstraat,79, ,2900, , , ,0, , , ,0, ,2022-08-22T00:00:00Z,2022-08-18T00:00:00Z,4.50310863,51.2504144
10177604,5913261,0725939585,DRT, , , ,Rechtspersoon,Vennootschap of vereniging zonder rechtspersoonlijkheid,Normale toestand,Heidebloemlei,48, ,2900,Schoten,Heidebloemlei,48, ,2900, , , ,0, , , ,0, ,2019-05-02T00:00:00Z,2014-12-02T00:00:00Z,4.51585838,51.25672781
10177642,5913299,0725945525,FAMILIE DE GRAVE - DRIES, , , ,Rechtspersoon,Vennootschap of vereniging zonder rechtspersoonlijkheid,Normale toestand,Sint-Benedictusdreef,16, ,2900,Schoten,Sint-Benedictusdreef,16, ,2900, , , ,0, , , ,0, ,2019-05-02T00:00:00Z,2005-10-26T00:00:00Z,4.52946638,51.24685814
10177736,5913393,0726604432,Manchet, , , ,Rechtspersoon,Commanditaire vennootschap,Normale toestand,Grote Singel,110, ,2900,Schoten,Grote Singel,110, ,2900, , , ,0, , , ,0, ,2019-05-09T00:00:00Z,2019-05-09T00:00:00Z,4.53154959,51.25846025
10178495,5914152,2260870456,Zuid-Afrika Reizen,Zuid-Afrika Reizen, ,0670521606, , , ,Doncklaan,28, ,2900,Schoten,Doncklaan,28, ,2900, , , ,0, , , ,0, ,2017-02-03T00:00:00Z,2017-01-30T00:00:00Z,4.51311737,51.25496285
10179365,5915022,0474657028,Dokter Schellemans, , , ,Rechtspersoon,Besloten Vennootschap,Normale toestand,Valkenlaan,44, ,2900,Schoten,Valkenlaan,44, ,2900, , , ,0,86220,2025,Activiteiten van medisch specialisten,1,1 tot 4,2003-01-19T00:00:00Z,2001-04-18T00:00:00Z,4.52365729,51.24108293
10179901,5915558,0474613674,ROOMER, , , ,Rechtspersoon,Coöperatieve vennootschap met onbeperkte aansprakelijkheid,Normale toestand,Verbertstraat,141, ,2900,Schoten,Verbertstraat,141, ,2900, , , ,0, , , ,0, ,2003-01-19T00:00:00Z,2001-04-10T00:00:00Z,4.50083153,51.2449902
10180485,5916142,0477543668,KEYAN, , , ,Rechtspersoon,Besloten Vennootschap,Normale toestand,Fazantendreef,14, ,2900,Schoten,Fazantendreef,14, ,2900, , , ,0, , , ,0, ,2003-01-19T00:00:00Z,2002-05-14T00:00:00Z,4.49986059,51.27521916
10181198,5916855,0478131410,VERENIGING VAN MAROKKAANSE GEMEENSCHAP VAN SCHOTEN, ,VMGS, ,Rechtspersoon,Vereniging zonder winstoogmerk,Normale toestand,Eethuisstraat,143, ,2900,Schoten,Eethuisstraat,143, ,2900, , , ,0, , , ,0, ,2003-01-19T00:00:00Z,2002-01-14T00:00:00Z,4.46030364,51.24764865
10181301,5916958,0478458339,JESUS THE LIGHT MISSION, , , ,Rechtspersoon,Vereniging zonder winstoogmerk,Normale toestand,Ridder Walter Van Havrelaan,49,2,2900,Schoten,Ridder Walter Van Havrelaan,49,2,2900, , , ,0, , , ,0, ,2003-01-19T00:00:00Z,2002-07-15T00:00:00Z,4.4942582,51.25514868
10181660,5917317,2254863186,Valérie Van Hove Architectenbureau,Valérie Van Hove Architectenbureau, ,0883648719, , , ,Patrijzenlei,1, ,2900,Schoten,Patrijzenlei,1, ,2900, , , ,0, , , ,0, ,2016-07-26T00:00:00Z,2006-09-21T00:00:00Z,4.51882734,51.25649514
10184378,5920035,2336804729,Stille maatschap project Veldstraat Brasschaat,Stille maatschap project Veldstraat Brasschaat, ,0792650742, , , ,Zaatstraat,28,1,2900,Schoten,Zaatstraat,28,1,2900, , , ,0, , , ,0, ,2022-10-19T00:00:00Z,2020-02-01T00:00:00Z,4.50765688,51.25444181
10184407,5920064,2337047229,"Van Maroey, Saartje",SYS, ,0792871664, , , ,Zandstappenstraat,53, ,2900,Schoten,Zandstappenstraat,53, ,2900, , , ,0, , , ,0, ,2022-10-25T00:00:00Z,2022-10-21T00:00:00Z,4.50621705,51.25607819
10184441,5920098,2337053959,"Troubleyn, Koen", , ,0792512764, , , ,Antoon Van Dijckstraat,35, ,2900,Schoten,Antoon Van Dijckstraat,35, ,2900, , , ,0, , , ,0, ,2022-10-26T00:00:00Z,2022-10-17T00:00:00Z,4.47366268,51.2437664
10184486,5920143,2337065342,DI,Di Schoten n°4204, ,0429025951, , , ,Paalstraat,42, ,2900,Schoten,Paalstraat,42, ,2900, , , ,0, , , ,0, ,2022-10-26T00:00:00Z,2022-10-17T00:00:00Z,4.50020298,51.25170283
10184993,5920650,0730584501,KELDERMAN, , , ,Rechtspersoon,Vennootschap of vereniging zonder rechtspersoonlijkheid,Normale toestand,Taxanderlei,54, ,2900,Schoten,Taxanderlei,54, ,2900, , , ,0, , , ,0, ,2019-07-11T00:00:00Z,2016-05-01T00:00:00Z,4.52016311,51.24935232
10185216,5920873,0732863110,"Vereniging van Mede-eigenaars van het gebouw te Schoten, Neerhoeve 9", , , ,Rechtspersoon,Vereniging van Mede-eigenaars,Normale toestand,Neerhoeve,9, ,2900,Schoten,Neerhoeve,9, ,2900, , , ,0, , , ,0, ,2019-08-26T00:00:00Z,1995-08-01T00:00:00Z,4.48720449,51.25124816
10186112,5921769,2264568433,"Caerts, Anja",Sonnehuys, ,0676427124, , , ,Struikenlei,15, ,2900,Schoten,Struikenlei,15, ,2900, , , ,0, , , ,0, ,2017-06-01T00:00:00Z,2017-06-01T00:00:00Z,4.51904914,51.25359586
10186235,5921892,2265279602,"Ceulemans, Patrick", , ,0677578751, , , ,Borgeindstraat,11,2,2900,Schoten,Borgeindstraat,11,2,2900, , , ,0, , , ,0, ,2017-06-27T00:00:00Z,2017-07-01T00:00:00Z,4.4832711,51.24842578
10186312,5921969,2265302168,"Freriks, Lesley",Het Babynestje, ,0677633585, , , ,Lijsterstraat,12, ,2900,Schoten,Lijsterstraat,12, ,2900, , , ,0,88911,2025,Kinderdagverblijven en crèches,1, ,2017-06-28T00:00:00Z,2017-06-26T00:00:00Z,4.49788433,51.2548619
10186791,5922448,0477276424,SCHAAKCLUB SCHOTEN, , , ,Rechtspersoon,Vereniging zonder winstoogmerk,Normale toestand,Markt,15, ,2900,Schoten,Markt,15, ,2900, , , ,0, , , ,0, ,2003-01-19T00:00:00Z,2002-02-15T00:00:00Z,4.49737057,51.25172492
10188331,5923988,0503863431,Dr Kathy Van Hooydonck, , , ,Rechtspersoon,Besloten Vennootschap,Normale toestand,Villerslei,2, ,2900,Schoten,Villerslei,2, ,2900, , , ,0, , , ,0, ,2013-02-06T00:00:00Z,2013-02-06T00:00:00Z,4.50791024,51.25214266
10188342,5923999,0479349353,VRIENDENKRING SIGNAALGEVERS SCHOTEN, ,V.S.S., ,Rechtspersoon,Vereniging zonder winstoogmerk,Normale toestand,Ridder Walter Van Havrelaan,29,5,2900,Schoten,Ridder Walter Van Havrelaan,29,5,2900, , , ,0, , , ,0, ,2003-02-11T00:00:00Z,2003-01-17T00:00:00Z,4.4957575,51.25594191
10189367,5925024,2258953816,FLOKIMMO,FLOKIMMO, ,0663712008, , , ,Alfons Servaislei,56,0,2900,Schoten,Alfons Servaislei,56, ,2900, , , ,0, , , ,0, ,2016-12-08T00:00:00Z,2016-10-03T00:00:00Z,4.52406597,51.25396003
10191928,5927585,2338927742,JD CONSULTING,JD CONSULTING, ,0794711694, , , ,Kalstraat,18, ,2900,Schoten,Kalstraat,18, ,2900, , , ,0, , , ,0, ,2022-12-19T00:00:00Z,2022-12-13T00:00:00Z,4.50080836,51.24681063
10192035,5927692,2339361767,IRH,IRH, ,0794912723, , , ,Brechtsebaan,708, ,2900,Schoten,Brechtsebaan,708, ,2900, , , ,0, , , ,0, ,2022-12-29T00:00:00Z,2022-12-16T00:00:00Z,4.54559502,51.29275863
10192922,5928579,0480089820,RG CONSULT, , , ,Rechtspersoon,Commanditaire vennootschap,Normale toestand,Wezelsebaan,134, ,2900,Schoten,Wezelsebaan,134, ,2900, , , ,0, , , ,0, ,2003-05-13T00:00:00Z,2003-01-03T00:00:00Z,4.52296011,51.26100056
10193275,5928932,2267008081,B&B,B&B, ,0676874710, , , ,Lodewijk Verheijenstraat,2,A1,2900,Schoten,Lodewijk Verheijenstraat,2A,1,2900, , , ,0, , , ,0, ,2017-08-28T00:00:00Z,2017-06-16T00:00:00Z,4.46820317,51.25048028
10193422,5929079,2267412810,"Steenhoudt, Kris", , ,0638782810, , , ,Churchilllaan,70, ,2900,Schoten,Churchilllaan,70, ,2900, , , ,0, , , ,0, ,2017-09-08T00:00:00Z,2017-09-01T00:00:00Z,4.49308603,51.25064428
10193738,5929395,2268970253,"Cassauwers, Anke", , ,0683451211, , , ,Lindenlei,121, ,2900,Schoten,Lindenlei,121, ,2900, , , ,0, , , ,0, ,2017-10-20T00:00:00Z,2017-10-16T00:00:00Z,4.51643729,51.24838218
10193754,5929411,2268976092,BY MAZI,BY MAZI, ,0681894063, , , ,Paalstraat,90, ,2900,Schoten,Paalstraat,90, ,2900, , , ,0, , , ,0, ,2017-10-20T00:00:00Z,2017-09-28T00:00:00Z,4.50207484,51.25280511
10194545,5930202,0502647070,"Vereniging van Mede-eigenaars van de ""Residentie Beuk"" te Schoten, Lodewijk Weijtenstraat 29", ,Residentie Beuk, ,Rechtspersoon,Vereniging van Mede-eigenaars,Normale toestand,Lodewijk Weijtenstraat,29, ,2900,Schoten,Lodewijk Verheijenstraat,29, ,2900, , , ,0, , , ,0, ,2013-01-21T00:00:00Z,1995-08-01T00:00:00Z,4.46849198,51.25124539
10195509,5931166,0518967321,MERKSEMSE IMKERIJ vzw, ,MI vzw, ,Rechtspersoon,Vereniging zonder winstoogmerk,Normale toestand,Lode Vleeshouwerslaan,67, ,2900,Schoten,Lode Vleeshouwerslaan,67, ,2900, , , ,0, , , ,0, ,2013-02-28T00:00:00Z,2013-01-29T00:00:00Z,4.46594396,51.2651423
10196340,5931997,2260340322,NISSER HOLDINGS,NISSER HOLDINGS, ,0666418209, , , ,Horstebaan,18, ,2900,Schoten,Horstebaan,18, ,2900, , , ,0, , , ,0, ,2017-01-19T00:00:00Z,2016-11-16T00:00:00Z,4.47847974,51.26098634
10196367,5932024,2260349824,ANTHONIS PUBLICITEIT EN SIGNALISATIE,Anthonis publicatie en signalisatie, ,0667974860, , , ,Venstraat,153,B,2900,Schoten,Venstraat,153, ,2900, , , ,0,73110,2025,Activiteiten van reclamebureaus,1, ,2017-01-20T00:00:00Z,2016-12-21T00:00:00Z,4.50435592,51.25098489
10196505,5932162,2261061783,Robin Hoom,Robin Hoom, ,0670541204, , , ,Heikantstraat,53, ,2900,Schoten,Heikantstraat,53, ,2900, , , ,0, , , ,0, ,2017-02-09T00:00:00Z,2017-02-01T00:00:00Z,4.51014539,51.2545583
10197038,5932695,2262900132,"Luyckx, Ellen", , ,0827300033, , , ,Lariksdreef,83, ,2900,Schoten,Lariksdreef,83, ,2900, , , ,0, , , ,0, ,2017-04-05T00:00:00Z,1991-10-01T00:00:00Z,4.51906294,51.26916729
10198405,5934062,0538674949,"Vereniging van Mede-eigenaars van het gebouw te Schoten, Pasteurlaan 4", , , ,Rechtspersoon,Vereniging van Mede-eigenaars,Normale toestand,Pasteurlaan,4, ,2900,Schoten,Pasteurlaan,4, ,2900, , , ,0, , , ,0, ,2013-09-17T00:00:00Z,1995-08-01T00:00:00Z,4.50033413,51.25365395
10198808,5934465,2339582491,PINOTAGE,PINOTAGE, ,0795501255, , , ,Louis Vervoortlaan,45, ,2900,Schoten,Louis Vervoortlaan,45, ,2900, , , ,0, , , ,0, ,2023-01-04T00:00:00Z,2022-12-29T00:00:00Z,4.48054868,51.25500917
10199895,5935552,0741562228,NORA, , , ,Rechtspersoon,Vennootschap of vereniging zonder rechtspersoonlijkheid,Normale toestand,Valkenlaan,33, ,2900,Schoten,Valkenlaan,33, ,2900, , , ,0, , , ,0, ,2020-01-15T00:00:00Z,2019-12-17T00:00:00Z,4.52219535,51.24362036
10200724,5936381,2270151079,DE KASTAARS,De Kastaars, ,0678852223, , , ,Brechtsebaan,262, ,2900,Schoten,Brechtsebaan,262, ,2900, , , ,0, , , ,0, ,2017-11-29T00:00:00Z,2017-11-01T00:00:00Z,4.52381769,51.27498154
10201059,5936716,2271584008,INTERIEURWERKEN VDB,interieurwerken VDB, ,0686766136, , , ,Wezelsebaan,193, ,2900,Schoten,Wezelsebaan,193, ,2900, , , ,0, , , ,0, ,2018-01-16T00:00:00Z,2017-12-22T00:00:00Z,4.54169616,51.26364811
10203484,5939141,0538817578,Centraal Kerkbestuur Schoten, , , ,Rechtspersoon,Openbare instelling,Normale toestand,Verbertstraat,23, ,2900,Schoten,Verbertstraat,23, ,2900, , , ,0, , , ,0, ,2013-09-20T00:00:00Z,2005-03-01T00:00:00Z,4.49820725,51.24903525
10203949,5939606,2264034042,FUTURIZ,FUTURIZ, ,0674705868, , , ,Valkenlaan,3, ,2900,Schoten,Valkenlaan,3, ,2900, , , ,0, , , ,0, ,2017-05-11T00:00:00Z,2017-04-21T00:00:00Z,4.51796361,51.24661585
10204183,5939840,2265133904,"Leys, Gregory",Excellence, ,0677455918, , , ,Jozef Hendrickxstraat,130,1,2900,Schoten,Jozef Hendrickxstraat,130,1,2900, , , ,0, , , ,0, ,2017-06-22T00:00:00Z,2017-06-22T00:00:00Z,4.48769375,51.24907358
10204198,5939855,2265138852,"Hendrix, Linda",GEWOON KLEI, ,0677460470, , , ,Stanislas Meeuslei,55, ,2900,Schoten,Stanislas Meeuslei,55, ,2900, , , ,0, , , ,0, ,2017-06-22T00:00:00Z,2017-07-01T00:00:00Z,4.46349517,51.24728767
10204213,5939870,2265143010,HERBOSCH GROUP,Herbosch Immobiliën, ,0676691301, , , ,Nerviërslei,47, ,2900,Schoten, , , , , , , ,0,47120,2025,Overige niet-gespecialiseerde detailhandel,1, ,2017-06-22T00:00:00Z,2017-05-31T00:00:00Z,2.30668925,49.2933354
10206878,5942535,2342928201,TALONI,TALONI, ,0799477760, , , ,Paalstraat,8, ,2900,Schoten,Paalstraat,8, ,2900, , , ,0,95230,2025,Reparatie en onderhoud van schoeisel en lederwaren,1, ,2023-03-23T00:00:00Z,2023-03-14T00:00:00Z,4.49898027,51.2511994
10208116,5943773,2272907562,"Debbaut, Mattias",Mattias Debbaut, ,0690730268, , , ,Vijverlei,23, ,2900,Schoten,Vijverlei,23, ,2900, , , ,0, , , ,0, ,2018-02-19T00:00:00Z,2018-02-15T00:00:00Z,4.53119844,51.26147594
10208241,5943898,2273564390,NUOVA ERA,NUOVA ERA, ,0691653550, , , ,Paalstraat,40, ,2900,Schoten,Paalstraat,40, ,2900, , , ,0, , , ,0, ,2018-03-09T00:00:00Z,2018-03-01T00:00:00Z,4.5001471,51.25164393
10208332,5943989,2273918639,SARKISIAN,Sarkisian, ,0649650570, , , ,Hertendreef,30, ,2900,Schoten,Hertendreef,30, ,2900, , , ,0, , , ,0, ,2018-03-21T00:00:00Z,2016-03-01T00:00:00Z,4.49668528,51.27571476
10208500,5944157,2274278331,"May, Robert", , ,0821923362, , , ,André Ullenslei,44, ,2900,Schoten, , , , , , , ,0, , , ,0, ,2018-03-30T00:00:00Z,2018-04-03T00:00:00Z,2.30668925,49.2933354
10208508,5944165,2274613871,"Woonzorggroep Voorkempen, OCMW-vereniging van publiek recht",Woonzorgcentrum Verbert-Verrijdt, ,0694597697, , , ,Verbertstraat,25, ,2900,Schoten,Verbertstraat,25, ,2900, , , ,0,87101,2025,Rust- en verzorgingstehuizen (R.V.T.),1, ,2018-04-10T00:00:00Z,2018-07-01T00:00:00Z,4.49847756,51.24839184
10208742,5944399,2275309994,Charlotterij,Charlotterij, ,0695547210, , , ,Schijndallei,18, ,2900,Schoten,Schijndallei,18, ,2900, , , ,0, , , ,0, ,2018-05-02T00:00:00Z,2018-04-27T00:00:00Z,4.51867168,51.24760196
10209512,5945169,0535914310,"Vereniging van Mede-eigenaars van de ""Residentie Pasteur"" te Schoten, Edisonplein 3", ,Residentie Pasteur, ,Rechtspersoon,Vereniging van Mede-eigenaars,Normale toestand,Edisonplein,3, ,2900,Schoten,Edisonplein,3, ,2900, , , ,0, , , ,0, ,2013-06-24T00:00:00Z,1995-08-01T00:00:00Z,4.50065887,51.25336146
10209642,5945299,0537297351,"Vereniging van Mede-eigenaars van het gebouw te 2900 Schoten, Villerslei 79-81", , , ,Rechtspersoon,Vereniging van Mede-eigenaars,Normale toestand,Villerslei,79/81, ,2900,Schoten,Villerslei,79, ,2900, , , ,0, , , ,0, ,2013-08-06T00:00:00Z,1995-08-01T00:00:00Z,4.51196394,51.25257104
10210469,5946126,0549801245,MD EQUI CONSULT, , , ,Rechtspersoon,Vereniging zonder winstoogmerk,Normale toestand,Kanaallei,45, ,2900,Schoten,Kanaallei,45, ,2900, , , ,0, , , ,0, ,2014-03-31T00:00:00Z,2014-03-31T00:00:00Z,4.51684977,51.25861465
10210670,5946327,0543711823,CELENVELDEN, , , ,Rechtspersoon,Besloten vennootschap met beperkte aansprakelijkheid,Normale toestand,Wezelsebaan,222, ,2900,Schoten,Wezelsebaan,222, ,2900, , , ,0, , , ,0, ,2013-12-31T00:00:00Z,2013-12-19T00:00:00Z,4.53947111,51.26267137
10211777,5947434,2268832671,Somarine,SOMARINE, ,0682556633, , , ,Ambiorixlei,8b, ,2900,Schoten,Ambiorixlei,8, ,2900, , , ,0,52220,2025,Diensten in verband met vervoer over water,1, ,2017-10-17T00:00:00Z,2017-10-05T00:00:00Z,4.52204998,51.26536959
10212103,5947760,0563583361,"Vereniging van Mede-eigenaars van het gebouw te Schoten, Verbertstraat 114", , , ,Rechtspersoon,Vereniging van Mede-eigenaars,Normale toestand,Verbertstraat,114, ,2900,Schoten,Verbertstraat,114, ,2900, , , ,0, , , ,0, ,2014-10-02T00:00:00Z,2014-09-01T00:00:00Z,4.49855941,51.24703703
10212122,5947779,0563594249,"Vereniging van Mede-eigenaars van het gebouw te Schoten, Winkelstap 5-7", , , ,Rechtspersoon,Vereniging van Mede-eigenaars,Normale toestand,Winkelstap,5-7, ,2900,Schoten,Winkelstap,7, ,2900, , , ,0, , , ,0, ,2014-10-03T00:00:00Z,1995-08-01T00:00:00Z,4.4662753,51.2505139
10213927,5949584,2344083885,APOTHEEK CARPENTIER,Apotheek Carpentier, ,0462177185, , , ,Ridder Walter Van Havrelaan,122, ,2900,Schoten,Ridder Walter Van Havrelaan,122, ,2900, , , ,0,47730,2025,Detailhandel in farmaceutische producten,1, ,2023-04-20T00:00:00Z,2023-01-18T00:00:00Z,4.48827587,51.25282425
10214062,5949719,2344319259,"Blanco Mendez, Rocio",Rocio, ,0799551697, , , ,Van Immerseelstraat,2,3,2900,Schoten,Van Immerseelstraat,2,3,2900, , , ,0, , , ,0, ,2023-04-26T00:00:00Z,2023-03-15T00:00:00Z,4.47409593,51.24486285
10214190,5949847,2344754571,Springbok,Springbok, ,0794978148, , , ,Meibloemlei,5, ,2900,Schoten,Meibloemlei,5, ,2900, , , ,0, , , ,0, ,2023-05-09T00:00:00Z,2022-12-19T00:00:00Z,4.53081614,51.26284501
10214203,5949860,2344756452,Stichting SK 8,Stichting SK 8, ,0795139088, , , ,Meibloemlei,5, ,2900,Schoten,Meibloemlei,5, ,2900, , , ,0, , , ,0, ,2023-05-09T00:00:00Z,2022-12-20T00:00:00Z,4.53081614,51.26284501
10214288,5949945,0747621065,RACHEL RUYSCH, , , ,Rechtspersoon,Besloten Vennootschap,Normale toestand,Botermelkbaan,37-43, ,2900,Schoten,Botermelkbaan,37, ,2900, , , ,0, , , ,0, ,2020-05-26T00:00:00Z,2020-05-26T00:00:00Z,4.53271291,51.273175
10214824,5950481,0752667936,"Vereniging van Mede-eigenaars van de Residentie Lodewijk te Schoten, Lodewijk De Weerdtstraat 26-28", , , ,Rechtspersoon,Vereniging van Mede-eigenaars,Normale toestand,Lodewijk De Weerdtstraat,26-28, ,2900,Schoten,Lodewijk De Weerdtstraat,26, ,2900, , , ,0, , , ,0, ,2020-08-18T00:00:00Z,2020-06-25T00:00:00Z,4.45753743,51.24473174
10214834,5950491,0752676250,CABRA V, , , ,Rechtspersoon,Naamloze vennootschap,Normale toestand,Calesbergdreef,3, ,2900,Schoten,Calesbergdreef,3, ,2900, , , ,0, , , ,0, ,2020-08-18T00:00:00Z,2020-06-30T00:00:00Z,4.47613195,51.24840294
10215157,5950814,0544696867,"Vereniging van Mede-eigenaars ""Residenties Mees-Coppens"" te Schoten, Vic Meesstraat 1", ,Residenties Mees-Coppens, ,Rechtspersoon,Vereniging van Mede-eigenaars,Normale toestand,Vic Meesstraat,1, ,2900,Schoten,Vic Meesstraat,1, ,2900, , , ,0, , , ,0, ,2014-01-24T00:00:00Z,2013-12-12T00:00:00Z,4.47174206,51.24255072
10215159,5950816,0544697560,"Vereniging van Mede-eigenaars ""Residentie Mees"" te Schoten, Vic Meesstraat 1", ,Residentie Mees, ,Rechtspersoon,Vereniging van Mede-eigenaars,Normale toestand,Vic Meesstraat,1, ,2900,Schoten,Vic Meesstraat,1, ,2900, , , ,0, , , ,0, ,2014-01-24T00:00:00Z,2013-12-12T00:00:00Z,4.47174206,51.24255072
10215161,5950818,0544698055,"Vereniging van Mede-eigenaars ""Residentie Coppens"" te Schoten, Vic Meesstraat 5", ,Residentie Vic Meesstraat 5, ,Rechtspersoon,Vereniging van Mede-eigenaars,Normale toestand,Vic Meesstraat,5, ,2900,Schoten,Vic Meesstraat,5, ,2900, , , ,0, , , ,0, ,2014-01-24T00:00:00Z,2013-12-12T00:00:00Z,4.4703226,51.24258665
10215493,5951150,2275669884,Captain Jane,Captain Jane, ,0692662548, , , ,Vic Meesstraat,20, ,2900,Schoten,Vic Meesstraat,20, ,2900, , , ,0, , , ,0, ,2018-05-16T00:00:00Z,2018-03-12T00:00:00Z,4.47080816,51.2428317
10218548,5954205,2269237202,"Kerstens, Karin", , ,0506538750, , , ,Paalstraat,162, ,2900,Schoten,Paalstraat,162, ,2900, , , ,0, , , ,0, ,2017-10-30T00:00:00Z,2017-10-01T00:00:00Z,4.50388811,51.25510234
10221084,5956741,2345210966,"Bennett, Sander",Sanderosties, ,0801911470, , , ,Ferdinand De Schutterstraat,23, ,2900,Schoten,Ferdinand De Schutterstraat,23, ,2900, , , ,0, , , ,0, ,2023-05-24T00:00:00Z,2023-05-22T00:00:00Z,4.45734603,51.24521491
10221541,5957198,2346320033,HMG DEVELOPMENT,HMG DEVELOPMENT, ,0802982925, , , ,Schijnparklaan,42, ,2900,Schoten,Schijnparklaan,42, ,2900, , , ,0, , , ,0, ,2023-06-26T00:00:00Z,2023-06-21T00:00:00Z,4.52091235,51.2413353
10222382,5958039,0550861317,Vivij, , , ,Rechtspersoon,Besloten Vennootschap,Normale toestand,Columbuslei,22, ,2900,Schoten,Columbuslei,22, ,2900, , , ,0, , , ,0, ,2014-04-24T00:00:00Z,2014-04-16T00:00:00Z,4.52616744,51.27322887
10222542,5958199,0554815452,Elfenland, , , ,Rechtspersoon,Vennootschap of vereniging zonder rechtspersoonlijkheid,Normale toestand,Heikantstraat,1, ,2900,Schoten,Heikantstraat,1, ,2900, , , ,0, , , ,0, ,2014-06-27T00:00:00Z,2000-01-07T00:00:00Z,4.50999574,51.25273646
10222723,5958380,0558927163,De Kerstgezellen, ,De Kerstgezellen, ,Rechtspersoon,Vereniging zonder winstoogmerk,Normale toestand,Lode Vleeshouwerslaan,57, ,2900,Schoten,Lode Vleeshouwerslaan,57, ,2900, , , ,0, , , ,0, ,2014-08-09T00:00:00Z,2014-08-09T00:00:00Z,4.46528851,51.26425246
10222910,5958567,2278678468,NUBILA,NUBILA, ,0701662465, , , ,Brechtsebaan,30, ,2900,Schoten,Brechtsebaan,30, ,2900, , , ,0,62100,2025,Ontwerpen van computerprogramma’s,1, ,2018-08-28T00:00:00Z,2018-08-22T00:00:00Z,4.51189561,51.26509537
10223162,5958819,2279402505,"Gherbi, Farah",Cosmedic Farah, ,0704676987, , , ,Nationale Werf,11, ,2900,Schoten,Nationale Werf,11, ,2900, , , ,0, , , ,0, ,2018-09-18T00:00:00Z,2018-10-01T00:00:00Z,4.50675081,51.25580469
10223381,5959038,2280462872,ANEROL,ANEROL, ,0696765648, , , ,Alice Nahonlei,19,B,2900,Schoten,Alice Nahonlei,19, ,2900, , , ,0, , , ,0, ,2018-10-11T00:00:00Z,2018-05-24T00:00:00Z,4.53624182,51.25758289
10223483,5959140,2280830977,Heyens Consulting,Heyens Consulting, ,0704801802, , , ,Kasteeldreef,47, ,2900,Schoten,Kasteeldreef,47, ,2900, , , ,0, , , ,0, ,2018-10-19T00:00:00Z,2018-09-20T00:00:00Z,4.49141197,51.24640716
10226277,5961934,2273447594,MAMY'S,MAMY'S, ,0691762329, , , ,Zaatstraat,1,B,2900,Schoten,Zaatstraat,1,1,2900, , , ,0, , , ,0, ,2018-03-07T00:00:00Z,2018-03-06T00:00:00Z,4.50692718,51.25293398
10226790,5962447,0634949627,"Vereniging van Mede-eigenaars van het gebouw te Schoten, Borkelstraat 32", , , ,Rechtspersoon,Vereniging van Mede-eigenaars,Normale toestand,Borkelstraat,32, ,2900,Schoten,Borkelstraat,32, ,2900, , , ,0, , , ,0, ,2015-08-10T00:00:00Z,1995-08-01T00:00:00Z,4.48600134,51.25123112
10227439,5963096,0568707436,L.C. & G.M., , , ,Rechtspersoon,Besloten Vennootschap,Normale toestand,Anton Van de Veldelaan,44, ,2900,Schoten,Anton Van de Veldelaan,44, ,2900, , , ,0, , , ,0, ,2015-01-14T00:00:00Z,2015-01-14T00:00:00Z,4.4671402,51.26605711
10227653,5963310,0599922531,"Vereniging van Mede-eigenaars van het gebouw te Schoten, Neerhoeve 8 (volgens ba Lode Weytenstraat, Blok B)", , , ,Rechtspersoon,Vereniging van Mede-eigenaars,Normale toestand,Neerhoeve,8, ,2900,Schoten,Neerhoeve,8, ,2900, , , ,0, , , ,0, ,2015-03-05T00:00:00Z,1995-08-01T00:00:00Z,4.48672065,51.25084687
10228445,5964102,2346978346,Mycomicshop,Mycomicshop, ,0803167918, , , ,Salvialei,126, ,2900,Schoten,Salvialei,126, ,2900, , , ,0, , , ,0, ,2023-07-11T00:00:00Z,2023-06-26T00:00:00Z,4.45858833,51.24498252
10228754,5964411,2347620526,KAPSALON SCHOTEN,KAPSALON SCHOTEN, ,0675874521, , , ,Paalstraat,144, ,2900,Schoten,Paalstraat,144, ,2900, , , ,0, , , ,0, ,2023-07-28T00:00:00Z,2023-08-01T00:00:00Z,4.50330214,51.25416994
10229004,5964661,2348297645,YELLOW POINT,YELLOW POINT, ,0804875217, , , ,Gelmelenstraat,138,B000,2900,Schoten,Gelmelenstraat,138,1,2900, , , ,0, , , ,0, ,2023-08-22T00:00:00Z,2023-08-17T00:00:00Z,4.49751143,51.25412086
10229192,5964849,0758800118,HESTIA, , , ,Rechtspersoon,Private stichting,Normale toestand,Fortbaan,7, ,2900,Schoten,Fortbaan,7, ,2900, , , ,0, , , ,0, ,2020-11-26T00:00:00Z,2020-11-26T00:00:00Z,4.52130711,51.27429119
10229193,5964850,0758800217,TEN DULFT, , , ,Rechtspersoon,Private stichting,Normale toestand,Fortbaan,7, ,2900,Schoten,Fortbaan,7, ,2900, , , ,0, , , ,0, ,2020-11-26T00:00:00Z,2020-11-26T00:00:00Z,4.52130711,51.27429119
10229194,5964851,0758800316,HEBE, , , ,Rechtspersoon,Stichting van openbaar nut,Normale toestand,Fortbaan,7, ,2900,Schoten,Fortbaan,7, ,2900, , , ,0, , , ,0, ,2020-11-26T00:00:00Z,2020-11-26T00:00:00Z,4.52130711,51.27429119
10230351,5966008,2281545809,"Thijs, Thomas", , ,0713490626, , , ,Thuretstraat,88, ,2900,Schoten,Thuretstraat,88, ,2900, , , ,0, , , ,0, ,2018-11-13T00:00:00Z,2018-10-15T00:00:00Z,4.49875595,51.25629646
10230480,5966137,2281874322,SUPER 5,SUPER 5, ,0713650576, , , ,Verbertstraat,52, ,2900,Schoten,Verbertstraat,52, ,2900, , , ,0, , , ,0, ,2018-11-22T00:00:00Z,2018-11-19T00:00:00Z,4.49735272,51.24828539
10230742,5966399,2282780479,"Soulliaert, Mike",Smart, ,0715949575, , , ,Kuipersstraat,49, ,2900,Schoten,Kuipersstraat,49, ,2900, , , ,0, , , ,0, ,2018-12-20T00:00:00Z,2018-12-19T00:00:00Z,4.4960874,51.25177872
10230804,5966461,2283065046,Denis Engine Services & Parts,Denis Engine Services & Parts, ,0713731641, , , ,Brechtsebaan,36,18,2900,Schoten,Brechtsebaan,36,18,2900, , , ,0,33120,2025,Reparatie en onderhoud van machines,1, ,2018-12-31T00:00:00Z,2018-11-21T00:00:00Z,4.51265153,51.26501428
10230919,5966576,2283363172,"Rosenfeld, Antoine",Toro Service, ,0844162492, , , ,Paalstraat,381, ,2900,Schoten,Paalstraat,381, ,2900, , , ,0, , , ,0, ,2019-01-08T00:00:00Z,2019-01-02T00:00:00Z,4.50797039,51.26244684
10231050,5966707,0563826455,PRAKTIJK ZAMENHOF, , , ,Rechtspersoon,Besloten Vennootschap,Normale toestand,Zamenhoflaan,5, ,2900,Schoten,Zamenhoflaan,5, ,2900, , , ,0, , , ,0, ,2014-10-09T00:00:00Z,2014-09-25T00:00:00Z,4.4999867,51.25331727
10231176,5966833,0566997662,VERMEERBERGEN & CO, , , ,Rechtspersoon,Commanditaire vennootschap,Normale toestand,Sint-Cordulastraat,19,1,2900,Schoten,Sint-Cordulastraat,19,1,2900, , , ,0, , , ,0, ,2014-10-31T00:00:00Z,2014-09-15T00:00:00Z,4.49956841,51.25040958
10231884,5967541,0568908562,"Dr.Vanderschaeghe Els, pediatrie", , , ,Rechtspersoon,Besloten Vennootschap,Normale toestand,Grote Singel,8, ,2900,Schoten,Grote Singel,8, ,2900, , , ,0, , , ,0, ,2015-01-21T00:00:00Z,2015-01-21T00:00:00Z,4.51569641,51.25601776
10233080,5968737,0633914497,HESTERS IMMO, , , ,Rechtspersoon,Besloten vennootschap met beperkte aansprakelijkheid,Normale toestand,Villerslei,50, ,2900,Schoten,Villerslei,50, ,2900, , , ,0, , , ,0, ,2015-07-16T00:00:00Z,2015-07-14T00:00:00Z,4.5105354,51.25183519
10233309,5968966,2274822224,KARABOUDJAN Consulting,KARABOUDJAN Consulting, ,0693810217, , , ,Leonard Gorisplein,2, ,2900,Schoten,Leonard Gorisplein,2, ,2900, , , ,0, , , ,0, ,2018-04-16T00:00:00Z,2018-03-30T00:00:00Z,4.45854155,51.2441239
10234163,5969820,0644883813,"Vereniging van Mede-eigenaars van het gebouw te Schoten, Lodewijk Weijtenstraat 67-69 (volgens basisakte nummer 67)", , , ,Rechtspersoon,Vereniging van Mede-eigenaars,Normale toestand,Lodewijk Weijtenstraat,67-69, ,2900,Schoten,Lodewijk Weijtenstraat,67, ,2900, , , ,0, , , ,0, ,2015-12-28T00:00:00Z,1995-08-01T00:00:00Z,4.49052557,51.25128369
10235023,5970680,0634887368,Surgent, ,SURGENT, ,Rechtspersoon,Besloten Vennootschap,Normale toestand,Zandstappenstraat,4,3,2900,Schoten,Zandstappenstraat,4,3,2900, , , ,0, , , ,0, ,2015-08-06T00:00:00Z,2015-08-06T00:00:00Z,4.50415872,51.25516063
10235505,5971162,0646842223,"Vereniging van Mede-eigenaars van het gebouw te Schoten, Sluizenstraat 2", , , ,Rechtspersoon,Vereniging van Mede-eigenaars,Normale toestand,Sluizenstraat,2, ,2900,Schoten,Sluizenstraat,2, ,2900, , , ,0, , , ,0, ,2016-01-21T00:00:00Z,1995-08-01T00:00:00Z,4.50794185,51.25188988
10236854,5972511,0764632588,Dream, , , ,Rechtspersoon,Vereniging zonder winstoogmerk,Normale toestand,Eugeen De Bocklaan,31, ,2900,Schoten, , , , , , , ,0, , , ,0, ,2021-03-04T00:00:00Z,2021-03-04T00:00:00Z,2.30668925,49.2933354
10236875,5972532,0764638033,Dr. Magali Blockhuys, , , ,Rechtspersoon,Besloten Vennootschap,Normale toestand,Grote Singel,111, ,2900,Schoten,Grote Singel,111, ,2900, , , ,0, , , ,0, ,2021-03-04T00:00:00Z,2021-03-04T00:00:00Z,4.53288705,51.2587701
10237067,5972724,0627826164,Pimpernel, , , ,Rechtspersoon,Vennootschap of vereniging zonder rechtspersoonlijkheid,Normale toestand,Beemdenlaan,6, ,2900,Schoten,Beemdenlaan,6, ,2900, , , ,0, , , ,0, ,2015-04-02T00:00:00Z,2014-10-01T00:00:00Z,4.50964102,51.24733744
10238013,5973670,2284777788,RONNY BIS,Enoks Schoenen, ,0452609522, , , ,Paalstraat,53, ,2900,Schoten,Paalstraat,53, ,2900, , , ,0,47721,2025,Detailhandel in schoeisel,1, ,2019-02-07T00:00:00Z,2019-02-25T00:00:00Z,4.50027098,51.25229688
10238082,5973739,2285054437,Christophe Dillen advocaat,Christophe Dillen advocaat, ,0719259651, , , ,Erasmuslei,3, ,2900,Schoten,Erasmuslei,3, ,2900, , , ,0, , , ,0, ,2019-02-13T00:00:00Z,2019-01-22T00:00:00Z,4.53406313,51.26303384
10238721,5974378,0633517985,"Vereniging van Mede-eigenaars van het gebouw Blok A te 2900 Schoten, Ridder Walter van Havrelaan 94", , , ,Rechtspersoon,Vereniging van Mede-eigenaars,Normale toestand,Ridder Walter Van Havrelaan,94, ,2900,Schoten,Ridder Walter Van Havrelaan,94, ,2900, , , ,0, , , ,0, ,2015-07-03T00:00:00Z,1995-08-01T00:00:00Z,4.48990064,51.25351738
10239085,5974742,0629798036,De schelmen van 't Scheldt, , , ,Rechtspersoon,Vereniging zonder winstoogmerk,Normale toestand,Heikantstraat,98, ,2900,Schoten,Heikantstraat,98, ,2900, , , ,0, , , ,0, ,2015-05-05T00:00:00Z,2015-05-05T00:00:00Z,4.51011811,51.25547666
10239517,5975174,0638848235,FIX 'N FLEX, , , ,Rechtspersoon,Besloten Vennootschap,Normale toestand,Ridder Karel Van Praetstraat,5, ,2900,Schoten,Ridder Karel Van Praetstraat,5, ,2900, , , ,0, , , ,0, ,2015-09-25T00:00:00Z,2015-09-23T00:00:00Z,4.49130054,51.25468801
10239752,5975409,0642953414,Dokter Elizabeth Elst, , , ,Rechtspersoon,Besloten Vennootschap,Normale toestand,Kapellei,10, ,2900,Schoten,Kapellei,10, ,2900, , , ,0, , , ,0, ,2015-11-17T00:00:00Z,2015-11-17T00:00:00Z,4.53161806,51.26498905
10239975,5975632,0644975764,ELEKTRO SEZGIN, , , ,Rechtspersoon,Besloten vennootschap met beperkte aansprakelijkheid,Opening faillissement,Edisonplein,2, ,2900,Schoten,Edisonplein,2, ,2900, , , ,0, , , ,0,0 tot 0,2015-12-30T00:00:00Z,2015-12-30T00:00:00Z,4.50055407,51.25342962
10240933,5976590,2278217422,Triple Helix Material Impact,TRIPLE HELIX MATERIAL IMPACT, ,0699967044, , , ,Nachtegalenlei,47, ,2900,Schoten,Nachtegalenlei,47, ,2900, , , ,0, , , ,0, ,2018-08-08T00:00:00Z,2018-07-16T00:00:00Z,4.53391704,51.25592037
10241135,5976792,2279236021,KLS SALES,KLS SALES, ,0696649149, , , ,Jozef Jennesstraat,95, ,2900,Schoten,Jozef Jennesstraat,95, ,2900, , , ,0, , , ,0, ,2018-09-12T00:00:00Z,2018-05-18T00:00:00Z,4.50249222,51.26010249
10241213,5976870,2279257696,Roulez Roulez,Roulez Roulez, ,0702852892, , , ,Reinaertlaan,11, ,2900,Schoten,Reinaertlaan,11, ,2900, , , ,0, , , ,0, ,2018-09-13T00:00:00Z,2018-09-06T00:00:00Z,4.51616311,51.26476402
10242201,5977858,0642785049,WORLD DRUG FREE POWERLIFTING FEDERATION, ,W.D.F.P.F., ,Rechtspersoon,Vereniging zonder winstoogmerk,Normale toestand,Winkelstap,25, ,2900,Schoten,Winkelstap,25, ,2900, , , ,0, , , ,0, ,2015-11-10T00:00:00Z,2015-06-01T00:00:00Z,4.46570261,51.25142965
10243327,5978984,2350761643,"Rönne, Loes", , ,1000976256, , , ,Jozef Hendrickxstraat,139, ,2900,Schoten,Jozef Hendrickxstraat,139, ,2900, , , ,0, , , ,0, ,2023-10-18T00:00:00Z,2023-10-01T00:00:00Z,4.48818798,51.24878896
10243664,5979321,2351418966,Bloemen Van Hoof,Bloemen Van Hoof, ,1001816790, , , ,Fluitbergstraat,87,2,2900,Schoten,Fluitbergstraat,87,2,2900, , , ,0,47789,2025,Overige detailhandel in nieuwe artikelen n.e.g.,1, ,2023-11-06T00:00:00Z,2023-10-31T00:00:00Z,4.50767277,51.25549207
10243704,5979361,2351615540,"Deschepper, Kato",juweelconcepts, ,1000723363, , , ,Kasteeldreef,22, ,2900,Schoten,Kasteeldreef,22, ,2900, , , ,0, , , ,0, ,2023-11-10T00:00:00Z,2023-10-11T00:00:00Z,4.49116857,51.24740403
10243728,5979385,2351620389,"Sébille, Enzo", , ,1002147679, , , ,Borkelstraat,18, ,2900,Schoten,Borkelstraat,18, ,2900, , , ,0, , , ,0, ,2023-11-10T00:00:00Z,2023-11-06T00:00:00Z,4.48591853,51.25048356
10245353,5981010,2287191605,"Vercauteren, Inge",Het Huis van het Hart, ,0723993746, , , ,Silveer Schollaertstraat,15, ,2900,Schoten,Silveer Schollaertstraat,15, ,2900, , , ,0, , , ,0, ,2019-04-03T00:00:00Z,2019-04-01T00:00:00Z,4.46241628,51.24082567
10245445,5981102,2287584058,"Gielen, Karin",Karin Gielen, ,0724596334, , , ,Hertendreef,38, ,2900,Schoten,Hertendreef,38, ,2900, , , ,0, , , ,0, ,2019-04-10T00:00:00Z,2019-04-01T00:00:00Z,4.49518249,51.27866011
10245567,5981224,2287995616,Lovali,Lovali, ,0725540697, , , ,Zilverstraat,15, ,2900,Schoten,Zilverstraat,15, ,2900, , , ,0, , , ,0, ,2019-04-19T00:00:00Z,2017-09-21T00:00:00Z,4.52418425,51.26284191
10245691,5981348,2288380844,"Van limbergen, Stephanie", , ,0644494922, , , ,Churchilllaan,40,2,2900,Schoten,Churchilllaan,40,2,2900, , , ,0, , , ,0, ,2019-04-30T00:00:00Z,2019-04-25T00:00:00Z,4.4951474,51.25062474
10245793,5981450,2288773594,De 3 Viskes,De 3 Viskes, ,0726565434, , , ,Zilverstraat,16, ,2900,Schoten,Zilverstraat,16, ,2900, , , ,0, , , ,0, ,2019-05-08T00:00:00Z,2012-05-30T00:00:00Z,4.52547387,51.26317519
10246628,5982285,0642509687,"Vereniging van Mede-eigenaars van het gebouw te 2900 Schoten, Villerslei 97", , , ,Rechtspersoon,Vereniging van Mede-eigenaars,Normale toestand,Villerslei,97, ,2900,Schoten,Villerslei,97, ,2900, , , ,0, , , ,0, ,2015-10-30T00:00:00Z,1995-08-01T00:00:00Z,4.51308224,51.25246442
10247307,5982964,0651948381,"Vereniging van Mede-eigenaars van de ""Residentie Ons Huys"" te 2900 Schoten, Villerslei 128 - Lindenlei 2-4", , , ,Rechtspersoon,Vereniging van Mede-eigenaars,Normale toestand,Villerslei,128, ,2900,Schoten,Villerslei,128, ,2900, , , ,0, , , ,0, ,2016-04-15T00:00:00Z,2016-02-16T00:00:00Z,4.51460256,51.25171499
10247945,5983602,0651944126,"Vereniging van Mede-eigenaars van de"" Residentie Villa Borgeind"" te Schoten, Borgeindstraat 29-31-33-35", , , ,Rechtspersoon,Vereniging van Mede-eigenaars,Normale toestand,Borgeindstraat,29-31-33-35, ,2900,Schoten,Borgeindstraat,29, ,2900, , , ,0, , , ,0, ,2016-04-15T00:00:00Z,2016-01-28T00:00:00Z,4.48240141,51.2485121
10248483,5984140,2281725357,DC-CONSULTING,DC-CONSULTING, ,0711815296, , , ,Grote Singel,35, ,2900,Schoten,Grote Singel,35, ,2900, , , ,0, , , ,0, ,2018-11-19T00:00:00Z,2018-10-17T00:00:00Z,4.52138878,51.25931533
10248657,5984314,2282068916,DRS. GILLEBERT EN VINKEN,DRS. GILLEBERT EN VINKEN, ,0713662454, , , ,Lusthofdreef,13, ,2900,Schoten,Lusthofdreef,13, ,2900, , , ,0,86220,2025,Activiteiten van medisch specialisten,1, ,2018-11-29T00:00:00Z,2018-11-19T00:00:00Z,4.52543006,51.25677965
10248827,5984484,2282659527,BVH Immo,BVH Immo, ,0715644422, , , ,Priorijlaan,12, ,2900,Schoten,Priorijlaan,12, ,2900, , , ,0, , , ,0, ,2018-12-17T00:00:00Z,2018-12-10T00:00:00Z,4.52957644,51.25171248
10249660,5985317,0649783402,CIMIC vzw, , , ,Rechtspersoon,Vereniging zonder winstoogmerk,Normale toestand,Eduard De Backerstraat,29, ,2900,Schoten,Eduard De Backerstraat,29, ,2900, , , ,0, , , ,0, ,2016-03-09T00:00:00Z,2016-03-09T00:00:00Z,4.45866759,51.24604559
10250868,5986525,2352699564,D Design collective,D Design collective, ,1002800450, , , ,Fortbaan,109, ,2900,Schoten,Fortbaan,109, ,2900, , , ,0, , , ,0, ,2023-12-12T00:00:00Z,2023-11-29T00:00:00Z,4.5180843,51.28063767
10251600,5987257,0771902046,"Vereniging van Mede-eigenaars van het gebouw te Schoten, Braamstraat 125A", , , ,Rechtspersoon,Vereniging van Mede-eigenaars,Normale toestand,Braamstraat,125A, ,2900,Schoten,Braamstraat,125A, ,2900, , , ,0, , , ,0, ,2021-08-02T00:00:00Z,1995-08-01T00:00:00Z,4.49589407,51.24223622
10252179,5987836,0649617413,25th Mountaineers, , , ,Rechtspersoon,Vereniging zonder winstoogmerk,Normale toestand,Deuzeldlaan,72,3,2900,Schoten,Deuzeldlaan,72,3,2900, , , ,0, , , ,0, ,2016-03-03T00:00:00Z,2016-03-03T00:00:00Z,4.46490364,51.24513382
10252873,5988530,2290881464,MEDIHUIS,MEDIHUIS, ,0724553970, , , ,Botermelkbaan,2, ,2900,Schoten,Botermelkbaan,2, ,2900, , , ,0, , , ,0, ,2019-07-09T00:00:00Z,2019-04-04T00:00:00Z,4.52801235,51.27590047
10253132,5988789,2292127420,Q Isolatie,Q Isolatie, ,0731954773, , , ,Laarsebeekdreef,16, ,2900,Schoten,Laarsebeekdreef,16, ,2900, , , ,0, , , ,0, ,2019-08-20T00:00:00Z,2019-08-07T00:00:00Z,4.50879768,51.28481419
10255683,5991340,2283248158,"Van Hoof, Patricia",Vital Ki, ,0503665471, , , ,Lode Vleeshouwerslaan,14, ,2900,Schoten,Lode Vleeshouwerslaan,14, ,2900, , , ,0, , , ,0, ,2019-01-07T00:00:00Z,2019-01-01T00:00:00Z,4.46908259,51.26410062
10258325,5993982,2354383406,Sappenberghs Consulting,Sappenberghs Consulting, ,1002181036, , , ,Wouwersdreef,16, ,2900,Schoten,Wouwersdreef,16, ,2900, , , ,0, , , ,0, ,2024-01-19T00:00:00Z,2023-11-12T00:00:00Z,4.54373336,51.26839027
10258399,5994056,2354592252,"Voet, Tinneke", , ,1004497257, , , ,Schijndallei,23, ,2900,Schoten,Schijndallei,23, ,2900, , , ,0, , , ,0, ,2024-01-24T00:00:00Z,2024-01-23T00:00:00Z,4.52105963,51.24868657
10259032,5994689,0777707693,Hexagon, , , ,Rechtspersoon,Vennootschap of vereniging zonder rechtspersoonlijkheid,Normale toestand,Botermelkdijk,500, ,2900,Schoten,Botermelkdijk,500, ,2900, , , ,0, , , ,0, ,2021-11-25T00:00:00Z,2021-11-10T00:00:00Z,4.53599597,51.28225117
10260031,5995688,2292987057,LSP,LSP, ,0733587541, , , ,Valkenlaan,8, ,2900,Schoten,Valkenlaan,8, ,2900, , , ,0, , , ,0, ,2019-09-12T00:00:00Z,2019-09-02T00:00:00Z,4.51932199,51.24556177
10260126,5995783,2293450281,GDB Beheer,GDB Beheer, ,0476680269, , , ,Schijnparklaan,19, ,2900,Schoten,Schijnparklaan,19, ,2900, , , ,0, , , ,0, ,2019-09-24T00:00:00Z,2002-01-16T00:00:00Z,4.51930074,51.24422191
10260297,5995954,2294375741,MD Belgium,Inno Schoten, ,0809126983, , , ,Bredabaan,967/973, ,2900,Schoten,Bredabaan,967, ,2900, , , ,0, , , ,0, ,2019-10-14T00:00:00Z,2019-03-28T00:00:00Z,4.46556965,51.2581164
10260559,5996216,2295642283,ADVOCATENKANTOOR SARAH LOOS,ADVOCATENKANTOOR SARAH LOOS, ,0737472390, , , ,Peerdsbosbaan,22, ,2900,Schoten,Peerdsbosbaan,22, ,2900, , , ,0, , , ,0, ,2019-11-19T00:00:00Z,2019-11-06T00:00:00Z,4.48534052,51.26865228
10260649,5996306,0654973890,BRUG 14, ,BRUG 14, ,Rechtspersoon,Vereniging zonder winstoogmerk,Normale toestand,Boekweitstraat,24, ,2900,Schoten,Boekweitstraat,24, ,2900, , , ,0, , , ,0, ,2016-05-25T00:00:00Z,2016-04-09T00:00:00Z,4.50264633,51.25816049
10261891,5997548,0666462650,"Vereniging van Mede-eigenaars van het gebouw te Schoten, Lodewijk Weijtenstraat 63-65", , , ,Rechtspersoon,Vereniging van Mede-eigenaars,Normale toestand,Lodewijk Weijtenstraat,63-65, ,2900,Schoten,Lodewijk Weijtenstraat,63, ,2900, , , ,0, , , ,0, ,2016-11-17T00:00:00Z,1995-08-01T00:00:00Z,4.49092259,51.25133793
10262454,5998111,0666418209,NISSER HOLDINGS, , , ,Rechtspersoon,Naamloze vennootschap,Normale toestand,Horstebaan,18, ,2900,Schoten,Horstebaan,18, ,2900, , , ,0, , , ,0, ,2016-11-16T00:00:00Z,2016-11-16T00:00:00Z,4.47847974,51.26098634
10263069,5998726,2285512218,Pegroma,Pegroma, ,0721483723, , , ,Botermelkdijk,500, ,2900,Schoten,Botermelkdijk,500, ,2900, , , ,0, , , ,0, ,2019-02-22T00:00:00Z,2018-02-02T00:00:00Z,4.53599597,51.28225117
10263240,5998897,2286217546,"Parijs, Christophe",Studio Hoertschip, ,0722546664, , , ,Churchilllaan,58, ,2900,Schoten,Churchilllaan,58, ,2900, , , ,0, , , ,0, ,2019-03-12T00:00:00Z,2019-03-09T00:00:00Z,4.49418036,51.25052115
10263452,5999109,2287028782,EAGLE IT, , ,0809568136, , , ,Braamstraat,103A, ,2900,Schoten,Braamstraat,103A, ,2900, , , ,0, , , ,0, ,2019-03-29T00:00:00Z,2019-03-11T00:00:00Z,4.49820497,51.24299088
10263657,5999314,2287841901,"Bakhti, Henry",HEBA, ,0724983443, , , ,Marialei,23, ,2900,Schoten,Marialei,23, ,2900, , , ,0, , , ,0, ,2019-04-16T00:00:00Z,2019-04-15T00:00:00Z,4.46564676,51.24609955
10265672,6001329,2356103967,WEARECHAMELEON,WEARECHAMELEON, ,1004737777, , , ,Ridder Walter Van Havrelaan,363, ,2900,Schoten,Ridder Walter Van Havrelaan,363, ,2900, , , ,0, , , ,0, ,2024-02-27T00:00:00Z,2024-01-16T00:00:00Z,4.48172934,51.25111513
10265754,6001411,2356118617,DOMUS KERVYN,DOMUS KERVYN, ,1006011645, , , ,Industriepark Brechtsebaan,14, ,2900,Schoten,Industriepark Brechtsebaan,14, ,2900, , , ,0, , , ,0, ,2024-02-27T00:00:00Z,2024-02-14T00:00:00Z,4.51205027,51.26331174
10265895,6001552,2356528787,TE BOEK,TE BOEK, ,1006384106, , , ,André Ullenslei,29, ,2900,Schoten, , , , , , , ,0, , , ,0, ,2024-03-07T00:00:00Z,2024-02-23T00:00:00Z,2.30668925,49.2933354
10265916,6001573,2356532252,"Debois, Alexander", , ,1006816844, , , ,Sint-Benedictusdreef,14, ,2900,Schoten,Sint-Benedictusdreef,14, ,2900, , , ,0, , , ,0, ,2024-03-07T00:00:00Z,2024-04-02T00:00:00Z,4.52868273,51.24752479
10267311,6002968,2296034441,Spider Security Group,J & W Security, ,0737871872, , , ,Jagersdreef,4 B, ,2900,Schoten,Jagersdreef,4, ,2900, , , ,0,43211,2025,Algemene elektrotechnische installatiewerken,1, ,2019-11-29T00:00:00Z,2019-11-20T00:00:00Z,4.5467473,51.29619414
10267478,6003135,2296480740,Avoriks,Avoriks, ,0738498810, , , ,Wilgendaalstraat,14, ,2900,Schoten,Wilgendaalstraat,14, ,2900, , , ,0, , , ,0, ,2019-12-12T00:00:00Z,2019-12-12T00:00:00Z,4.4964415,51.25376915
10267749,6003406,2297309990,Cruz Montage,Cruz Montage, ,0740754059, , , ,Laarsebeekdreef,25, ,2900,Schoten,Laarsebeekdreef,25, ,2900, , , ,0, , , ,0, ,2020-01-07T00:00:00Z,2020-01-06T00:00:00Z,4.50751184,51.28475558
10268300,6003957,0666929042,"Vereniging van Mede-eigenaars van de ""Residentie Nelson"" te Schoten, Edisonplein 5", , , ,Rechtspersoon,Vereniging van Mede-eigenaars,Normale toestand,Edisonplein,5, ,2900,Schoten,Edisonplein,5, ,2900, , , ,0, , , ,0, ,2016-12-05T00:00:00Z,1995-08-01T00:00:00Z,4.50088467,51.25323565
10268382,6004039,0667811841,"Vereniging van Mede-eigenaars van de ""Residentie Rubens"" te Schoten, Cornelius De Vosstraat 13", , , ,Rechtspersoon,Vereniging van Mede-eigenaars,Normale toestand,Cornelius De Vosstraat,13, ,2900,Schoten,Cornelius De Vosstraat,13, ,2900, , , ,0, , , ,0, ,2016-12-19T00:00:00Z,1995-08-01T00:00:00Z,4.46607558,51.248983
10270563,6006220,2289008968,De Lorken,De Lorken, ,0726771312, , , ,Lariksdreef,4, ,2900,Schoten,Lariksdreef,4, ,2900, , , ,0, , , ,0, ,2019-05-15T00:00:00Z,2014-05-13T00:00:00Z,4.52155486,51.26168137
10270921,6006578,2290695976,Merlin Tripoli,Merlin Tripoli, ,0890888679, , , ,Heidebloemlei,48, ,2900,Schoten,Heidebloemlei,48, ,2900, , , ,0, , , ,0, ,2019-07-04T00:00:00Z,2007-07-17T00:00:00Z,4.51585838,51.25672781
10270939,6006596,2290702411,"Meeussen, Koen",wesomeso, ,0728927680, , , ,Churchilllaan,214, ,2900,Schoten,Churchilllaan,214, ,2900, , , ,0, , , ,0, ,2019-07-04T00:00:00Z,2019-06-27T00:00:00Z,4.48637713,51.25003
10270991,6006648,2290720326,Het Voetenhuys,Het Voetenhuys, ,0728733779, , , ,Villerslei,31, ,2900,Schoten,Villerslei,31, ,2900, , , ,0,86994,2025,Activiteiten op het gebied van voetzorg en -problematiek,1, ,2019-07-04T00:00:00Z,2019-06-21T00:00:00Z,4.50934123,51.25237762
10271047,6006704,2291153955,PROMETHEUS,PROMETHEUS, ,0880785833, , , ,Fortbaan,7, ,2900,Schoten,Fortbaan,7, ,2900, , , ,0, , , ,0, ,2019-07-16T00:00:00Z,2006-04-13T00:00:00Z,4.52130711,51.27429119
10273202,6008859,2358059409,Optiport,Optiport, ,1005775281, , , ,Narcislaan,19, ,2900,Schoten,Narcislaan,19, ,2900, , , ,0, , , ,0, ,2024-04-11T00:00:00Z,2024-02-08T00:00:00Z,4.50915041,51.25983704
10273514,6009171,2358713861,ASKO EUROPE,ASKO EUROPE, ,1006495556, , , ,Brechtsebaan,583, ,2900,Schoten,Brechtsebaan,583, ,2900, , , ,0, , , ,0, ,2024-04-26T00:00:00Z,2024-04-01T00:00:00Z,4.53810544,51.28972381
10273563,6009220,2358723264,"Waeterschoot, Louise", , ,1007875035, , , ,Edelweissbaan,2, ,2900,Schoten,Edelweissbaan,2, ,2900, , , ,0, , , ,0, ,2024-04-29T00:00:00Z,2024-04-02T00:00:00Z,4.51949898,51.27508538
10273573,6009230,2358724947,MOKASE SERVICE COMPANY,MOKASE SERVICE COMPANY, ,1008595211, , , ,Metropoolstraat,9E, ,2900,Schoten,Metropoolstraat,9A, ,2900, , , ,0, , , ,0, ,2024-04-29T00:00:00Z,2024-04-19T00:00:00Z,4.4814427,51.24150376
10274851,6010508,2298665616,VIJA CONSULTING,VIJA CONSULTING, ,0742501346, , , ,Nerviërslei,33, ,2900,Schoten, , , , , , , ,0, , , ,0, ,2020-02-05T00:00:00Z,2020-01-24T00:00:00Z,2.30668925,49.2933354
10275956,6011613,0675395261,Isabel Chys, , , ,Rechtspersoon,Commanditaire vennootschap,Normale toestand,Kromvendreef,69, ,2900,Schoten,Kromvendreef,69, ,2900, , , ,0, , , ,0, ,2017-05-03T00:00:00Z,2017-05-03T00:00:00Z,4.52616676,51.27408616
10276387,6012044,0673800305,"Vereniging van Mede-eigenaars van het gebouw Blok B te 2900 Schoten, Ridder Walter Van Havrelaan 92", , , ,Rechtspersoon,Vereniging van Mede-eigenaars,Normale toestand,Ridder Walter Van Havrelaan,92, ,2900,Schoten,Ridder Walter Van Havrelaan,92, ,2900, , , ,0, , , ,0, ,2017-04-03T00:00:00Z,1995-08-01T00:00:00Z,4.49005497,51.25359956
10278363,6014020,2294178969,MAXGIL,MAXGIL, ,0729742876, , , ,Valkenlaan,19, ,2900,Schoten,Valkenlaan,19, ,2900, , , ,0, , , ,0, ,2019-10-09T00:00:00Z,2019-07-03T00:00:00Z,4.52058742,51.2452238
10280571,6016228,2359544992,"Bruynseels, Johan",Johan Bruynseels Consulting, ,1009419216, , , ,Antoon Wolfsstraat,9A,10,2900,Schoten,Antoon Wolfsstraat,9A,10,2900, , , ,0, , , ,0, ,2024-05-23T00:00:00Z,2024-08-01T00:00:00Z,4.48815949,51.25396013
10280656,6016313,2359747308,"Van de Velde, Jeroen",Jeroen Van de Velde, ,1009646868, , , ,Frans Reinemundlei,10, ,2900,Schoten,Frans Reinemundlei,10, ,2900, , , ,0, , , ,0, ,2024-05-29T00:00:00Z,2024-06-01T00:00:00Z,4.52984684,51.25702968
10280742,6016399,2359956748,GUSTO, , ,0466690160, , , ,Kopstraat,346-348, ,2900,Schoten,Kopstraat,346, ,2900, , , ,0, , , ,0, ,2024-06-04T00:00:00Z,2023-01-02T00:00:00Z,4.50488451,51.26116279
10282305,6017962,2300785659,KONINKLIJKE TENNISCLUB SCHOTEN VZW, , ,0410637424, , , ,Kasteeldreef,42,6,2900,Schoten,Kasteeldreef,42, ,2900, , , ,0, , , ,0, ,2020-04-03T00:00:00Z,1966-03-30T00:00:00Z,4.48855463,51.24557886
10282648,6018305,2301767042,DR. BART WOLLAERT,DR. BART WOLLAERT, ,0476601382, , , ,Pelikaandreef,6, ,2900,Schoten,Pelikaandreef,6, ,2900, , , ,0,86220,2025,Activiteiten van medisch specialisten,1, ,2020-05-07T00:00:00Z,2003-06-05T00:00:00Z,4.49248233,51.27864257
10284456,6020113,0687077724,STORMS JAN & VAN MOL MARIA, , , ,Rechtspersoon,Vennootschap of vereniging zonder rechtspersoonlijkheid,Normale toestand,Neerhoeve,9/8, ,2900,Schoten,Neerhoeve,9,8,2900, , , ,0, , , ,0, ,2003-01-19T00:00:00Z,1980-05-01T00:00:00Z,4.48720449,51.25124816
10284771,6020428,0684913634,Het Vlindertje, , , ,Rechtspersoon,Besloten Vennootschap,Normale toestand,Gasketelplein,2, ,2900,Schoten,Gasketelplein,2, ,2900, , , ,0,88911,2025,Kinderdagverblijven en crèches,1,10 tot 19,2017-11-22T00:00:00Z,2017-11-22T00:00:00Z,4.50478098,51.25629603
10285157,6020814,0688669118,DOKTER STIJN HEYMAN, , , ,Rechtspersoon,Besloten Vennootschap,Normale toestand,Spreeuwenlei,7, ,2900,Schoten,Spreeuwenlei,7, ,2900, , , ,0, , , ,0, ,2018-01-19T00:00:00Z,2018-01-19T00:00:00Z,4.539826,51.26407976
10285426,6021083,2295892604,MARETMAT,MARETMAT, ,0737831191, , , ,Trevierenlei,14, ,2900,Schoten,Trevierenlei,14, ,2900, , , ,0, , , ,0, ,2019-11-26T00:00:00Z,2019-11-19T00:00:00Z,4.52664866,51.26844298
10285801,6021458,2297187553,ADVOCAAT MARTE DE CALUWÉ,ADVOCAAT MARTE DE CALUWÉ, ,0740605688, , , ,Kuipersakkerstraat,101, ,2900,Schoten,Kuipersakkerstraat,101, ,2900, , , ,0, , , ,0, ,2020-01-06T00:00:00Z,2019-12-31T00:00:00Z,4.51082515,51.24940512
10285959,6021616,0692697586,BC Living, , , ,Rechtspersoon,Besloten Vennootschap,Normale toestand,Buizerddreef,9, ,2900,Schoten,Buizerddreef,9, ,2900, , , ,0,68310,2025,Bemiddeling in verband met exploitatie van en handel in onroerend goed,1,1 tot 4,2018-03-20T00:00:00Z,2018-03-20T00:00:00Z,4.49223253,51.27170295
10287972,6023629,2361207949,Tess Mathis,Tess Mathis, ,1007508217, , , ,Houthakkersdreef,4B, ,2900,Schoten,Houthakkersdreef,4B, ,2900, , , ,0, , , ,0, ,2024-07-08T00:00:00Z,2024-03-25T00:00:00Z,4.54136719,51.30106723
10288265,6023922,2361815782,Voetjes op de grond,Voetjes op de grond, ,1011889251, , , ,Zilverstraat,15, ,2900,Schoten,Zilverstraat,15, ,2900, , , ,0, , , ,0, ,2024-07-24T00:00:00Z,2024-07-08T00:00:00Z,4.52418425,51.26284191
10288411,6024068,0789949687,UROLOGIE PRAKTIJK KLAVER, , , ,Rechtspersoon,Besloten Vennootschap,Normale toestand,Eekhoornlei,12, ,2900,Schoten,Eekhoornlei,12, ,2900, , , ,0, , , ,0, ,2022-08-25T00:00:00Z,2022-08-25T00:00:00Z,4.52542014,51.26096694
10289356,6025013,0686726445,"Vereniging van Mede-eigenaars van de ""Residentie Van Dijck"" te Schoten, Eethuisstraat 7", , , ,Rechtspersoon,Vereniging van Mede-eigenaars,Normale toestand,Eethuisstraat,7, ,2900,Schoten,Eethuisstraat,7, ,2900, , , ,0, , , ,0, ,2017-12-21T00:00:00Z,1995-08-01T00:00:00Z,4.46531,51.24949902
10289572,6025229,2302432877,Clavani Consultancy,Michael Van Impe Consultancy, ,0746739949, , , ,Kunstlei,20, ,2900,Schoten,Kunstlei,20, ,2900, , , ,0, , , ,0, ,2020-05-25T00:00:00Z,2020-05-07T00:00:00Z,4.53534968,51.26599941
10289639,6025296,2302445151,"Mertens, Kelly", , ,0815803058, , , ,Eugeen Verbiststraat,17, ,2900,Schoten,Eugeen Verbiststraat,17, ,2900, , , ,0, , , ,0, ,2020-05-26T00:00:00Z,2004-04-01T00:00:00Z,4.46632935,51.25203179
10289750,6025407,2302946680,"Bergmans, Nele",Illustralief, ,0747963733, , , ,Esdoorndreef,6, ,2900,Schoten,Esdoorndreef,6, ,2900, , , ,0, , , ,0, ,2020-06-08T00:00:00Z,2020-06-02T00:00:00Z,4.51612338,51.27809333
10289818,6025475,2302965585,"Wuyts, David", , ,0815234520, , , ,Columbuslei,2, ,2900,Schoten,Columbuslei,2, ,2900, , , ,0, , , ,0, ,2020-06-08T00:00:00Z,1998-01-01T00:00:00Z,4.53001572,51.27046158
10289822,6025479,2302967763,"van Mol, Marc",VAN MOL MARC, ,0687027343, , , ,Calesbergdreef,2,A,2900,Schoten,Calesbergdreef,2, ,2900, , , ,0, , , ,0, ,2020-06-08T00:00:00Z,2020-01-01T00:00:00Z,4.46937533,51.25035686
10289885,6025542,2303262822,CKVN,CKVN, ,0748423888, , , ,Frans Reinemundlei,23A, ,2900,Schoten,Frans Reinemundlei,23A, ,2900, , , ,0, , , ,0, ,2020-06-15T00:00:00Z,2020-06-10T00:00:00Z,4.5293616,51.25974075
10290084,6025741,2303852740,Hacedor,Hacedor, ,0748706871, , , ,Quinten Matsijsstraat,28, ,2900,Schoten,Quinten Matsijsstraat,28, ,2900, , , ,0, , , ,0, ,2020-06-29T00:00:00Z,2020-06-18T00:00:00Z,4.47552066,51.24484889
10291241,6026898,0686627564,PARO, , , ,Rechtspersoon,Private stichting,Normale toestand,Churchilllaan,78,9,2900,Schoten,Churchilllaan,78,9,2900, , , ,0, , , ,0, ,2017-12-19T00:00:00Z,2017-12-19T00:00:00Z,4.49219564,51.25060747
10291249,6026906,0686631128,Greenriders Antwerp, , , ,Rechtspersoon,Vereniging zonder winstoogmerk,Normale toestand,Elegastlaan,1, ,2900,Schoten,Elegastlaan,1, ,2900, , , ,0, , , ,0, ,2017-12-19T00:00:00Z,2017-12-19T00:00:00Z,4.51741744,51.26088329
10291611,6027268,0690927238,"Vereniging van Mede-eigenaars van de ""Residentie Breughel"" te Schoten, Eethuisstraat 9", , , ,Rechtspersoon,Vereniging van Mede-eigenaars,Normale toestand,Eethuisstraat,9, ,2900,Schoten,Eethuisstraat,9, ,2900, , , ,0, , , ,0, ,2018-02-26T00:00:00Z,1995-08-01T00:00:00Z,4.4651443,51.24943174
10292046,6027703,0689583787,Dr. A. Van Schaeren, , , ,Rechtspersoon,Besloten Vennootschap,Normale toestand,Dennenlei,12, ,2900,Schoten,Dennenlei,12, ,2900, , , ,0, , , ,0, ,2018-01-30T00:00:00Z,2018-01-30T00:00:00Z,4.52981205,51.26404965
10293124,6028781,2299107757,Monads,Monads, ,0743516876, , , ,Cederlaan,42, ,2900,Schoten,Cederlaan,42, ,2900, , , ,0, , , ,0, ,2020-02-14T00:00:00Z,2020-02-11T00:00:00Z,4.51891187,51.27738181
10295412,6031069,2362829532,MM CLEAN,MM CLEAN, ,1012655353, , , ,Verbertstraat,54, ,2900,Schoten,Verbertstraat,54, ,2900, , , ,0, , , ,0, ,2024-08-28T00:00:00Z,2024-08-21T00:00:00Z,4.49728662,51.2481012
10295415,6031072,2362829928,Rio Mor,Rio Mor, ,1012240233, , , ,Paalstraat,278, ,2900,Schoten,Paalstraat,278, ,2900, , , ,0, , , ,0, ,2024-08-28T00:00:00Z,2024-08-06T00:00:00Z,4.50673217,51.25916623
10295592,6031249,2363242276,De Deckere,De Deckere, ,1012308133, , , ,Alfons Verdijckstraat,50, ,2900,Schoten,Alfons Verdijckstraat,50, ,2900, , , ,0, , , ,0, ,2024-09-06T00:00:00Z,2024-08-08T00:00:00Z,4.50321543,51.24526254
10295821,6031478,2363668383,FINARFIN,FINARFIN, ,1013108085, , , ,Alfons Verdijckstraat,41, ,2900,Schoten,Alfons Verdijckstraat,41, ,2900, , , ,0, , , ,0, ,2024-09-18T00:00:00Z,2024-09-03T00:00:00Z,4.50342242,51.24562804
10296054,6031711,0793874526,Esperanza Cadiz, , , ,Rechtspersoon,Besloten Vennootschap,Normale toestand,Tulpenlaan,15, ,2900,Schoten,Tulpenlaan,15, ,2900, , , ,0, , , ,0, ,2022-11-23T00:00:00Z,2022-11-23T00:00:00Z,4.50822916,51.25779448
10297101,6032758,2304758503,AVENTURE,AVENTURE, ,0748763289, , , ,Adriaan Brouwerstraat,79, ,2900,Schoten,Adriaan Brouwerstraat,79, ,2900, , , ,0, , , ,0, ,2020-07-17T00:00:00Z,2020-06-19T00:00:00Z,4.48085766,51.24371787
10297218,6032875,2305335751,VH Advisory,VH Advisory, ,0750600252, , , ,Churchilllaan,151, ,2900,Schoten,Churchilllaan,151, ,2900, , , ,0, , , ,0, ,2020-08-05T00:00:00Z,2020-07-13T00:00:00Z,4.4876406,51.24962443
10297394,6033051,2305906566,DELTEX,DELTEX, ,0752726532, , , ,Dennenlei,5, ,2900,Schoten,Dennenlei,5, ,2900, , , ,0, , , ,0, ,2020-08-21T00:00:00Z,2020-08-19T00:00:00Z,4.52856725,51.26297887
10297688,6033345,2306758879,AD VIBO,AD VIBO, ,0753451161, , , ,Verbertstraat,18, ,2900,Schoten,Verbertstraat,18, ,2900, , , ,0, , , ,0, ,2020-09-14T00:00:00Z,2020-08-28T00:00:00Z,4.49759741,51.25006418
10298717,6034374,0692815570,"Vereniging van Mede-eigenaars van de"" Residentie Teniers"" te Schoten, Eethuisstraat 3", , , ,Rechtspersoon,Vereniging van Mede-eigenaars,Normale toestand,Eethuisstraat,3, ,2900,Schoten,Eethuisstraat,3, ,2900, , , ,0, , , ,0, ,2018-03-22T00:00:00Z,1995-08-01T00:00:00Z,4.46578194,51.24964774
10298997,6034654,0696926687,Dr. Süleyman Sener Neurochirurgie, , , ,Rechtspersoon,Besloten Vennootschap,Normale toestand,Pauwendreef,7a, ,2900,Schoten,Pauwendreef,7A, ,2900, , , ,0, , , ,0, ,2018-05-30T00:00:00Z,2018-05-30T00:00:00Z,4.495703,51.26877953
10299094,6034751,0697891937,United '76 VZW, ,United '76, ,Rechtspersoon,Vereniging zonder winstoogmerk,Normale toestand,Invalidenlaan,4, ,2900,Schoten,Invalidenlaan,4, ,2900, , , ,0, , , ,0, ,2018-06-13T00:00:00Z,2018-06-13T00:00:00Z,4.4904667,51.24746759
10300179,6035836,2300202570,"Corremans, Jenthe",Beauty Balance by Jenthe, ,0669931884, , , ,van Beethovenlei,22,2,2900,Schoten,van Beethovenlei,22,2,2900, , , ,0, , , ,0, ,2020-03-16T00:00:00Z,2017-01-20T00:00:00Z,4.46386688,51.24788257
10300218,6035875,2300211082,"Fazlyev, Ruslan",RFrenovatie, ,0744932977, , , ,Salvialei,146, ,2900,Schoten,Salvialei,146, ,2900, , , ,0, , , ,0, ,2020-03-16T00:00:00Z,2020-04-01T00:00:00Z,4.45899988,51.24452874
10300328,6035985,2300676385,DOKTER ISABELLE DAS BV,TAXANDRIA HUISARTSENPRAKTIJK, ,0744825386, , , ,Alfons Servaislei,18, ,2900,Schoten,Alfons Servaislei,18, ,2900, , , ,0, , , ,0, ,2020-04-01T00:00:00Z,2020-03-06T00:00:00Z,4.51690382,51.25450181
10300329,6035986,2300676484,DOKTER ISABELLE DAS BV,DOKTER ISABELLE DAS BV, ,0744825386, , , ,Acaciadreef,7, ,2900,Schoten,Acaciadreef,7, ,2900, , , ,0, , , ,0, ,2020-04-01T00:00:00Z,2020-03-06T00:00:00Z,4.53454983,51.27033844
10300436,6036093,2300909977,NXT,NXT, ,0745588124, , , ,Latyrusplein,20, ,2900,Schoten,Latyrusplein,20, ,2900, , , ,0, , , ,0, ,2020-04-08T00:00:00Z,2020-03-23T00:00:00Z,4.5077722,51.25788544
10301872,6037529,0700598138,"""GERLI MTJ""", , , ,Rechtspersoon,Besloten vennootschap met beperkte aansprakelijkheid,Vervroegde ontbinding - vereffening (vrijwillige ontbinding),Schijnparklaan,45, ,2900,Schoten,Schijnparklaan,45, ,2900, , , ,0, , , ,0, ,2018-08-02T00:00:00Z,2018-08-02T00:00:00Z,4.52235769,51.24105056
10301955,6037612,0711717902,Oudervereniging BS Groei!, , , ,Rechtspersoon,Vereniging zonder winstoogmerk,Normale toestand,Lindenlei,27-47, ,2900,Schoten,Lindenlei,27, ,2900, , , ,0, , , ,0, ,2018-10-15T00:00:00Z,2018-10-15T00:00:00Z,4.51561401,51.25085032
10302792,6038449,2364304229,"Cebotariov, Sergiu", , ,1013967229, , , ,Tulpenlaan,8, ,2900,Schoten,Tulpenlaan,8, ,2900, , , ,0, , , ,0, ,2024-10-02T00:00:00Z,2024-10-01T00:00:00Z,4.50861083,51.25762289
10302800,6038457,2364306209,"Durand, Arthur",ArthGraphics, ,1014429661, , , ,Kruiningenstraat,193, ,2900,Schoten,Kruiningenstraat,193, ,2900, , , ,0, , , ,0, ,2024-10-02T00:00:00Z,2024-10-01T00:00:00Z,4.47390998,51.24149231
10304424,6040081,0700959810,"Vereniging van Mede-eigenaars van het gebouw te Schoten, Heikantstraat 41A", , , ,Rechtspersoon,Vereniging van Mede-eigenaars,Normale toestand,Heikantstraat,41A, ,2900,Schoten,Heikantstraat,41A, ,2900, , , ,0, , , ,0, ,2018-08-20T00:00:00Z,2018-05-02T00:00:00Z,4.51027299,51.25408249
10304429,6040086,0700960701,"Vereniging van Mede-eigenaars van het appartementsgebouw te Schoten, hoek Lodewijk Weijtenstraat-Constant Neutjensstraat", , , ,Rechtspersoon,Vereniging van Mede-eigenaars,Normale toestand,Lodewijk Weijtenstraat,ZN, ,2900,Schoten,Lodewijk Weijtenstraat, , , , , , ,0, , , ,0, ,2018-08-20T00:00:00Z,2018-05-16T00:00:00Z,2.30668925,49.2933354
10304948,6040605,2308585350,AK BEHEER,AK BEHEER, ,0753505601, , , ,Liebiglaan,102, ,2900,Schoten,Liebiglaan,102, ,2900, , , ,0, , , ,0, ,2020-10-21T00:00:00Z,2020-08-31T00:00:00Z,4.47502274,51.24279534
10305152,6040809,2309146564,MBF Consulting,Obuli, ,0755665137, , , ,Kopstraat,89, ,2900,Schoten,Kopstraat,89, ,2900, , , ,0, , , ,0, ,2020-11-05T00:00:00Z,2020-10-05T00:00:00Z,4.50633454,51.26332844
10305168,6040825,2309148544,Noyen consulting,Noyen consulting, ,0756915051, , , ,André Ullenslei,52, ,2900,Schoten, , , , , , , ,0, , , ,0, ,2020-11-05T00:00:00Z,2020-10-22T00:00:00Z,2.30668925,49.2933354
10306210,6041867,0700319313,"Vereniging van Mede-eigenaars van de Residentie Lodewijk te Schoten, Lodewijk Weijtenstraat 19-21", , , ,Rechtspersoon,Vereniging van Mede-eigenaars,Normale toestand,Lodewijk Weijtenstraat,19, ,2900,Schoten,Lodewijk Verheijenstraat,19, ,2900, , , ,0, , , ,0, ,2018-07-23T00:00:00Z,2018-04-09T00:00:00Z,4.46799977,51.25093994
10306338,6041995,0703948301,C. & M. VELGE, , , ,Rechtspersoon,Private stichting,Normale toestand,Horstebaan,207, ,2900,Schoten,Horstebaan,207, ,2900, , , ,0, , , ,0, ,2018-09-12T00:00:00Z,2018-09-12T00:00:00Z,4.47350756,51.25919601
10307739,6043396,2302344191,"Niemans, Florian",Florian Niemans, ,0747532181, , , ,Botermelkbaan,28, ,2900,Schoten,Botermelkbaan,28, ,2900, , , ,0, , , ,0, ,2020-05-20T00:00:00Z,2020-05-19T00:00:00Z,4.52967597,51.27140635
10307828,6043485,2302585505,IMMO VH,IMMO VH, ,0747489126, , , ,Botermelkbaan,59, ,2900,Schoten,Botermelkbaan,59, ,2900, , , ,0, , , ,0, ,2020-05-28T00:00:00Z,2020-05-19T00:00:00Z,4.53723624,51.26886847
10307941,6043598,2302851165,"Pintjens, Benny",Escootcenter, ,0747719055, , , ,Thuretstraat,27, ,2900,Schoten,Thuretstraat,27, ,2900, , , ,0, , , ,0, ,2020-06-04T00:00:00Z,2020-06-01T00:00:00Z,4.49842969,51.2547254
10308558,6044215,0721483723,Pegroma, , , ,Rechtspersoon,Vennootschap of vereniging zonder rechtspersoonlijkheid,Normale toestand,Botermelkdijk,500, ,2900,Schoten,Botermelkdijk,500, ,2900, , , ,0, , , ,0, ,2019-02-22T00:00:00Z,2018-02-02T00:00:00Z,4.53599597,51.28225117
10310685,6046342,2366746847,"Gebruers, Christoff",ABC - Antwerp Brick Collective, ,1016596325, , , ,Venstraat,73, ,2900,Schoten,Venstraat,73, ,2900, , , ,0, , , ,0, ,2024-12-03T00:00:00Z,2024-11-25T00:00:00Z,4.5027603,51.25056005
10310701,6046358,2366931741,"Van Gorp, Natalie",CurlyCats, ,1017062618, , , ,Eugeen Verbiststraat,8, ,2900,Schoten,Eugeen Verbiststraat,8, ,2900, , , ,0, , , ,0, ,2024-12-06T00:00:00Z,2025-01-01T00:00:00Z,4.46722633,51.25200201
10310986,6046643,0799694922,TIEMJA, , , ,Rechtspersoon,Vennootschap of vereniging zonder rechtspersoonlijkheid,Normale toestand,Wouwersdreef,13, ,2900,Schoten,Wouwersdreef,13, ,2900, , , ,0, , , ,0, ,2023-03-20T00:00:00Z,2023-03-17T00:00:00Z,4.542477,51.26733439
10312058,6047715,2309702632,LUXURY DETAILING,Luxury Detailing, ,0554836040, , , ,Heikantstraat,129, ,2900,Schoten,Heikantstraat,129, ,2900, , , ,0, , , ,0, ,2020-11-23T00:00:00Z,2014-06-23T00:00:00Z,4.51323152,51.26043037
10312300,6047957,2310258205,"Bostoen, Willem",Willem Bostoen, ,0759554738, , , ,Malpertuuslaan,5, ,2900,Schoten,Malpertuuslaan,5, ,2900, , , ,0, , , ,0, ,2020-12-08T00:00:00Z,2021-01-01T00:00:00Z,4.51648853,51.26325367
10312359,6048016,2310490807,MaJo,MaJo, ,0759783776, , , ,Victor Frislei,51, ,2900,Schoten,Victor Frislei,51, ,2900, , , ,0, , , ,0, ,2020-12-15T00:00:00Z,2020-12-14T00:00:00Z,4.53297631,51.24525751
10312409,6048066,2310502782,LesFillesDeBXL,Nous Deux Fashion, ,0758721330, , , ,Paalstraat,21, ,2900,Schoten,Paalstraat,21, ,2900, , , ,0, , , ,0, ,2020-12-15T00:00:00Z,2020-11-24T00:00:00Z,4.49914471,51.25171569
10312463,6048120,2310737166,Middagconcerten van Antwerpen,Anne Cambier, ,0408547370, , , ,Vijverlei,10, ,2900,Schoten,Vijverlei,10, ,2900, , , ,0, , , ,0, ,2020-12-21T00:00:00Z,1949-04-01T00:00:00Z,4.53390335,51.26008187
10312699,6048356,2311238992,"Liperovski, Aleksandre", , ,0760760211, , , ,Braamstraat,22,5,2900,Schoten,Braamstraat,22,5,2900, , , ,0, , , ,0, ,2021-01-06T00:00:00Z,2021-01-01T00:00:00Z,4.49968735,51.2441943
10312919,6048576,0707539081,Dokter Valerie Droessaert NKO, , , ,Rechtspersoon,Besloten Vennootschap,Normale toestand,Schijnparklaan,18, ,2900,Schoten,Schijnparklaan,18, ,2900, , , ,0, , , ,0, ,2018-09-28T00:00:00Z,2018-09-28T00:00:00Z,4.51755778,51.24488755
10313527,6049184,0707975680,Vijverhof oudervereniging gemeenschapsonderwijs Schoten, ,VOGOS, ,Rechtspersoon,Vereniging zonder winstoogmerk,Normale toestand,August Jonckersstraat,65, ,2900,Schoten,August Jonckersstraat,65, ,2900, , , ,0, , , ,0, ,2018-10-09T00:00:00Z,2018-10-09T00:00:00Z,4.49963866,51.25753406
10314421,6050078,0720854411,MAMA JAMALO, , , ,Rechtspersoon,Private stichting,Normale toestand,Zilverstraat,15, ,2900,Schoten,Zilverstraat,15, ,2900, , , ,0, , , ,0, ,2019-02-18T00:00:00Z,2019-02-18T00:00:00Z,4.52418425,51.26284191
10315289,6050946,2304616070,Motus Event & Lifestyle,Motus Event & Lifestyle, ,0749980937, , , ,Mastendreef,10, ,2900,Schoten,Mastendreef,10, ,2900, , , ,0, , , ,0, ,2020-07-14T00:00:00Z,2020-07-09T00:00:00Z,4.5169185,51.25976928
10315594,6051251,2305513420,"Delafortry, Anita",Tree-house, ,0751730895, , , ,Kalstraat,36, ,2900,Schoten,Kalstraat,36, ,2900, , , ,0, , , ,0, ,2020-08-10T00:00:00Z,2020-08-20T00:00:00Z,4.50085689,51.24635307
10315694,6051351,2305799272,SWRDFSH CONSULT,SWRDFSH CONSULT, ,0752608548, , , ,Reigersdreef,6, ,2900,Schoten,Reigersdreef,6, ,2900, , , ,0, , , ,0, ,2020-08-19T00:00:00Z,2020-09-01T00:00:00Z,4.49719764,51.27707969
10317062,6052719,0723420357,Midoc, , , ,Rechtspersoon,Vennootschap of vereniging zonder rechtspersoonlijkheid,Normale toestand,Wezelsebaan,157, ,2900,Schoten,Wezelsebaan,157, ,2900, , , ,0, , , ,0, ,2019-03-21T00:00:00Z,2010-05-31T00:00:00Z,4.52762015,51.26197778
10317220,6052877,0724649683,"Vereniging van Mede-eigenaars van het gebouw te Schoten, Hans Memlingstraat 29-31", , , ,Rechtspersoon,Vereniging van Mede-eigenaars,Normale toestand,Hans Memlingstraat,29-31, ,2900,Schoten,Hans Memlingstraat,29, ,2900, , , ,0, , , ,0, ,2019-04-08T00:00:00Z,1995-08-01T00:00:00Z,4.47575324,51.24398518
10318819,6054476,0803057258,"""VGK""", , , ,Rechtspersoon,Vennootschap of vereniging zonder rechtspersoonlijkheid,Normale toestand,Frans Reinemundlei,15, ,2900,Schoten,Frans Reinemundlei,15, ,2900, , , ,0, , , ,0, ,2023-06-22T00:00:00Z,2023-06-21T00:00:00Z,4.52887935,51.25777298
10319250,6054907,0717937778,BURG MAATSCH PATRO 03, , , ,Rechtspersoon,Vennootschap of vereniging zonder rechtspersoonlijkheid,Normale toestand,Valkenlaan,13, ,2900,Schoten,Valkenlaan,13, ,2900, , , ,0, , , ,0, ,2019-01-10T00:00:00Z,2018-07-26T00:00:00Z,4.51995764,51.2459399
10319689,6055346,2311718351,KVDK,KVDK, ,0760973512, , , ,Akkerlaan,100, ,2900,Schoten,Akkerlaan,100, ,2900, , , ,0, , , ,0, ,2021-01-15T00:00:00Z,2021-01-07T00:00:00Z,4.50612814,51.24511941
10319774,6055431,2311975402,STANDING PEOPLE.BE,STANDING PEOPLE.BE, ,0761763863, , , ,Wilgendaalstraat,37, ,2900,Schoten,Wilgendaalstraat,37, ,2900, , , ,0, , , ,0, ,2021-01-20T00:00:00Z,2021-01-19T00:00:00Z,4.49449071,51.2538961
10319835,6055492,2311989159,DAEVA,DAEVA, ,0760840383, , , ,Stanislas Meeuslei,61, ,2900,Schoten,Stanislas Meeuslei,61, ,2900, , , ,0, , , ,0, ,2021-01-21T00:00:00Z,2021-01-05T00:00:00Z,4.46353211,51.2471476
10320006,6055663,2312505041,DOKTER HELEEN DE VOS, , ,0761675078, , , ,Boekenborglei,2, ,2900,Schoten,Boekenborglei,2, ,2900, , , ,0, , , ,0, ,2021-02-02T00:00:00Z,2021-01-15T00:00:00Z,4.46131977,51.24486463
10320070,6055727,2312770406,Astrid Pyl,Astrid Pyl, ,0761564321, , , ,Sint-Benedictusdreef,11, ,2900,Schoten,Sint-Benedictusdreef,11, ,2900, , , ,0, , , ,0, ,2021-02-08T00:00:00Z,2021-01-13T00:00:00Z,4.52936202,51.24786201
10321054,6056711,0716661635,Dr. Verhoeven Sarah, , , ,Rechtspersoon,Besloten Vennootschap,Normale toestand,Wijngaardlaan,45, ,2900,Schoten,Wijngaardlaan,45, ,2900, , , ,0, , , ,0, ,2018-12-19T00:00:00Z,2018-12-19T00:00:00Z,4.48481094,51.25555369
10321132,6056789,0716963325,Oudercomité Deuzeldpark, ,OCDP, ,Rechtspersoon,Vereniging zonder winstoogmerk,Normale toestand,Sterrestraat,1, ,2900,Schoten,Sterrestraat,1, ,2900, , , ,0, , , ,0, ,2018-12-28T00:00:00Z,2018-12-28T00:00:00Z,4.46378105,51.24381759
10321997,6057654,0725577717,Jamalo, , , ,Rechtspersoon,Vennootschap of vereniging zonder rechtspersoonlijkheid,Normale toestand,Zilverstraat,15, ,2900,Schoten,Zilverstraat,15, ,2900, , , ,0, , , ,0, ,2019-04-23T00:00:00Z,2017-09-21T00:00:00Z,4.52418425,51.26284191
10322023,6057680,0725590781,Magdalena II, , , ,Rechtspersoon,Vennootschap of vereniging zonder rechtspersoonlijkheid,Normale toestand,Zilverstraat,15, ,2900,Schoten,Zilverstraat,15, ,2900, , , ,0, , , ,0, ,2019-04-23T00:00:00Z,2018-08-09T00:00:00Z,4.52418425,51.26284191
10322028,6057685,0725593157,Magdalena, , , ,Rechtspersoon,Vennootschap of vereniging zonder rechtspersoonlijkheid,Normale toestand,Zilverstraat,15, ,2900,Schoten,Zilverstraat,15, ,2900, , , ,0, , , ,0, ,2019-04-23T00:00:00Z,2014-06-03T00:00:00Z,4.52418425,51.26284191
10322598,6058255,0725540697,Lovali, , , ,Rechtspersoon,Vennootschap of vereniging zonder rechtspersoonlijkheid,Normale toestand,Zilverstraat,15, ,2900,Schoten,Zilverstraat,15, ,2900, , , ,0, , , ,0, ,2019-04-19T00:00:00Z,2017-09-21T00:00:00Z,4.52418425,51.26284191
10322802,6058459,2306356726,BM Familie Rosseel-Dorssemont,BM Familie Rosseel-Dorssemont, ,0753629523, , , ,Klaprooslaan,6, ,2900,Schoten,Klaprooslaan,6, ,2900, , , ,0, , , ,0, ,2020-09-03T00:00:00Z,2020-07-15T00:00:00Z,4.50900655,51.26119939
10323201,6058858,2307858147,BRAX BELGIUM,BRAX SCHOTEN INNO, ,0682754294, , , ,Bredabaan,967, ,2900,Schoten,Bredabaan,967, ,2900, , , ,0, , , ,0, ,2020-10-06T00:00:00Z,2020-09-02T00:00:00Z,4.46556965,51.2581164
10323297,6058954,2308157659,Thuisverpleging Salima Boulahtari,Thuisverpleging Salima Boulahtari, ,0755596346, , , ,Brechtsebaan,920, ,2900,Schoten,Brechtsebaan,920, ,2900, , , ,0, , , ,0, ,2020-10-13T00:00:00Z,2020-10-02T00:00:00Z,4.55098714,51.29571139
10323330,6058987,2308163894,"Wagemans, Jente", , ,0755796185, , , ,Bosnimfdreef,5, ,2900,Schoten,Bosnimfdreef,5, ,2900, , , ,0, , , ,0, ,2020-10-13T00:00:00Z,2020-10-07T00:00:00Z,4.5222477,51.27255794
10324022,6059679,0733928031,MO Hendrickx - De Jonge / FV Urologie Jan Palfijn, , , ,Rechtspersoon,Vennootschap of vereniging zonder rechtspersoonlijkheid,Normale toestand,Anton Van de Veldelaan,10, ,2900,Schoten,Anton Van de Veldelaan,10, ,2900, , , ,0, , , ,0, ,2019-09-11T00:00:00Z,1994-01-01T00:00:00Z,4.47194316,51.26531758
10324338,6059995,0723441935,MA2BIKA, , , ,Rechtspersoon,Vennootschap of vereniging zonder rechtspersoonlijkheid,Normale toestand,Louis Vervoortlaan,28, ,2900,Schoten,Louis Vervoortlaan,28, ,2900, , , ,0, , , ,0, ,2019-03-21T00:00:00Z,2018-10-12T00:00:00Z,4.48172942,51.25549305
10325078,6060735,0731624379,DR. MELANIE VANDENBERGHE, , , ,Rechtspersoon,Besloten Vennootschap,Normale toestand,Hazendreef,22, ,2900,Schoten,Hazendreef,22, ,2900, , , ,0, , , ,0, ,2019-07-26T00:00:00Z,2019-07-26T00:00:00Z,4.52666257,51.25005818
10325316,6060973,2368672197,"Van Riet, Yordi", , ,1018903143, , , ,Eikenlei,28,1,2900,Schoten,Eikenlei,28,1,2900, , , ,0, , , ,0, ,2025-01-20T00:00:00Z,2025-01-16T00:00:00Z,4.51694268,51.25025821
10325356,6061013,2368858576,Marnix Van Roy,Marnix Van Roy, ,1018930461, , , ,Zilverstraat,15, ,2900,Schoten,Zilverstraat,15, ,2900, , , ,0, , , ,0, ,2025-01-22T00:00:00Z,2025-01-20T00:00:00Z,4.52418425,51.26284191
10326233,6061890,0804997753,PLASMAN - VAN DEN BOSSCHE, , , ,Rechtspersoon,Private stichting,Normale toestand,Listdreef,1/A, ,2900,Schoten,Listdreef, , , , , , ,0, , , ,0, ,2023-08-22T00:00:00Z,2023-08-22T00:00:00Z,2.30668925,49.2933354
10327009,6062666,0724553970,MEDIHUIS, , , ,Rechtspersoon,Besloten vennootschap met beperkte aansprakelijkheid,Normale toestand,Botermelkbaan,2,a,2900,Schoten,Botermelkbaan,2, ,2900, , , ,0, , , ,0, ,2019-04-04T00:00:00Z,2019-04-04T00:00:00Z,4.52801235,51.27590047
10327173,6062830,0725680358,SKYLINE, , , ,Rechtspersoon,Vennootschap of vereniging zonder rechtspersoonlijkheid,Normale toestand,Horstebaan,165, ,2900,Schoten,Horstebaan,165, ,2900, , , ,0, , , ,0, ,2019-04-25T00:00:00Z,2013-04-15T00:00:00Z,4.48078521,51.25946793
10327375,6063032,2314100492,Andeco Management,Andeco Management, ,0763670904, , , ,Trevierenlei,9, ,2900,Schoten,Trevierenlei,9, ,2900, , , ,0, , , ,0, ,2021-03-10T00:00:00Z,2021-02-16T00:00:00Z,4.52455324,51.26760393
10327412,6063069,2314108610,"Speranza, Angela",Speranza Angela, ,0764852918, , , ,Valkenlaan,21, ,2900,Schoten,Valkenlaan,21, ,2900, , , ,0, , , ,0, ,2021-03-10T00:00:00Z,2021-03-01T00:00:00Z,4.52086642,51.24501482
10327552,6063209,2314393175,"Claes, Kevin",polytalent.be, ,0764986738, , , ,Zandstappenstraat,34, ,2900,Schoten,Zandstappenstraat,34, ,2900, , , ,0, , , ,0, ,2021-03-16T00:00:00Z,2021-04-01T00:00:00Z,4.50525487,51.25553462
10327654,6063311,2314674970,"Srimueang, Nitiporn",Nitiporn SRIMUEANG, ,0765347816, , , ,Eethuisstraat,77,4,2900,Schoten,Eethuisstraat,77,4,2900, , , ,0, , , ,0, ,2021-03-23T00:00:00Z,2021-03-18T00:00:00Z,4.46422189,51.24912042
10327856,6063513,2315448792,Luchtbrug 9,Luchtbrug 9, ,0763460571, , , ,Wijtschotbaan,9, ,2900,Schoten,Wijtschotbaan,9, ,2900, , , ,0, , , ,0, ,2021-04-08T00:00:00Z,2021-02-10T00:00:00Z,4.50640368,51.24275786
10327871,6063528,2315451960,J-19,J-19, ,0765230030, , , ,Wouwersdreef,15, ,2900,Schoten,Wouwersdreef,15, ,2900, , , ,0, , , ,0, ,2021-04-08T00:00:00Z,2021-03-16T00:00:00Z,4.54282712,51.26781789
10328157,6063814,0721971691,Maatschap SeghersVan Meerbeeck, , , ,Rechtspersoon,Vennootschap of vereniging zonder rechtspersoonlijkheid,Normale toestand,Wouwersdreef,30, ,2900,Schoten,Wouwersdreef,30, ,2900, , , ,0, , , ,0, ,2019-03-07T00:00:00Z,2014-10-01T00:00:00Z,4.54385259,51.27052139
10328364,6064021,0724489238,Helkin, , , ,Rechtspersoon,Vennootschap of vereniging zonder rechtspersoonlijkheid,Normale toestand,Columbuslei,12, ,2900,Schoten,Columbuslei,12, ,2900, , , ,0, , , ,0, ,2019-04-03T00:00:00Z,2011-02-24T00:00:00Z,4.52801527,51.271828
10328553,6064210,0720868069,Rob en Marijke Gram van Lelieveld, , , ,Rechtspersoon,Vennootschap of vereniging zonder rechtspersoonlijkheid,Normale toestand,Grasperkdreef,6, ,2900,Schoten,Grasperkdreef,6, ,2900, , , ,0, , , ,0, ,2019-02-19T00:00:00Z,2007-03-25T00:00:00Z,4.52549169,51.25348356
10328777,6064434,0722799260,TOKYRMEN, , , ,Rechtspersoon,Vennootschap of vereniging zonder rechtspersoonlijkheid,Normale toestand,Boekweitstraat,48, ,2900,Schoten,Boekweitstraat,48, ,2900, , , ,0, , , ,0, ,2019-03-15T00:00:00Z,2015-09-12T00:00:00Z,4.50215883,51.25884406
10329028,6064685,0724834280,ECHTGENOTEN VERHOEVEN - SLEURS, , , ,Rechtspersoon,Vennootschap of vereniging zonder rechtspersoonlijkheid,Normale toestand,Beatrijslaan,2, ,2900,Schoten,Beatrijslaan,2, ,2900, , , ,0, , , ,0, ,2019-04-11T00:00:00Z,2017-04-04T00:00:00Z,4.51973441,51.26126414
10329029,6064686,0724834775,FAMILIE VERHOEVEN – SLEURS, , , ,Rechtspersoon,Vennootschap of vereniging zonder rechtspersoonlijkheid,Normale toestand,Beatrijslaan,2, ,2900,Schoten,Beatrijslaan,2, ,2900, , , ,0, , , ,0, ,2019-04-11T00:00:00Z,2017-04-19T00:00:00Z,4.51973441,51.26126414
10329113,6064770,0725606718,COJA, , , ,Rechtspersoon,Vennootschap of vereniging zonder rechtspersoonlijkheid,Normale toestand,Alfons Servaislei,53, ,2900,Schoten,Alfons Servaislei,53, ,2900, , , ,0, , , ,0, ,2019-04-24T00:00:00Z,2003-01-28T00:00:00Z,4.52642987,51.2547484
10329227,6064884,0726493772,Vamos, , , ,Rechtspersoon,Vennootschap of vereniging zonder rechtspersoonlijkheid,Normale toestand,Horstebaan,109, ,2900,Schoten,Horstebaan,109, ,2900, , , ,0, , , ,0, ,2019-05-07T00:00:00Z,2019-04-26T00:00:00Z,4.48294799,51.25846996
10329783,6065440,0726452103,BMK, , , ,Rechtspersoon,Vennootschap of vereniging zonder rechtspersoonlijkheid,Normale toestand,Eekhoornlei,14, ,2900,Schoten,Eekhoornlei,14, ,2900, , , ,0, , , ,0, ,2019-05-06T00:00:00Z,2018-05-02T00:00:00Z,4.52603358,51.26126615
10329785,6065442,0726452301,BMS, , , ,Rechtspersoon,Vennootschap of vereniging zonder rechtspersoonlijkheid,Normale toestand,Eekhoornlei,14, ,2900,Schoten,Eekhoornlei,14, ,2900, , , ,0, , , ,0, ,2019-05-06T00:00:00Z,2018-04-30T00:00:00Z,4.52603358,51.26126615
10329869,6065526,0726771312,De Lorken, , , ,Rechtspersoon,Vennootschap of vereniging zonder rechtspersoonlijkheid,Normale toestand,Lariksdreef,4,.,2900,Schoten,Lariksdreef,4, ,2900, , , ,0, , , ,0, ,2019-05-15T00:00:00Z,2014-05-13T00:00:00Z,4.52155486,51.26168137
10330465,6066122,2309027491,Philip Pairon Orthopedie,Philip Pairon Orthopedie, ,0756581588, , , ,Amazonendreef,4, ,2900,Schoten,Amazonendreef,4, ,2900, , , ,0, , , ,0, ,2020-11-02T00:00:00Z,2020-10-14T00:00:00Z,4.53015711,51.24846709
10330588,6066245,2309312157,TVG projects,TVG, ,0757878816, , , ,Kuipersakkerstraat,79, ,2900,Schoten,Kuipersakkerstraat,79, ,2900, , , ,0,43331,2025,Plaatsen van vloer- en wandtegels,1, ,2020-11-10T00:00:00Z,2020-11-06T00:00:00Z,4.51079446,51.25004567
10331013,6066670,2310634822,"Bratkowski, Dimitri",Dimitri Bratkowski, ,0635443139, , , ,Koningshoflei,1, ,2900,Schoten,Koningshoflei,1, ,2900, , , ,0, , , ,0, ,2020-12-17T00:00:00Z,2020-12-10T00:00:00Z,4.53492028,51.263916
10331055,6066712,2310643928,"D'hondt, Paul", , ,0752757612, , , ,van Beethovenlei,47,1,2900,Schoten,van Beethovenlei,47,1,2900, , , ,0, , , ,0, ,2020-12-18T00:00:00Z,2021-01-01T00:00:00Z,4.4647993,51.24716509
10331740,6067397,0726379748,WAHOO, , , ,Rechtspersoon,Vennootschap of vereniging zonder rechtspersoonlijkheid,Normale toestand,Horstebaan,165, ,2900,Schoten,Horstebaan,165, ,2900, , , ,0, , , ,0, ,2019-05-03T00:00:00Z,2019-04-26T00:00:00Z,4.48078521,51.25946793
10331742,6067399,0726380243,MANGO, , , ,Rechtspersoon,Vennootschap of vereniging zonder rechtspersoonlijkheid,Normale toestand,Horstebaan,165, ,2900,Schoten,Horstebaan,165, ,2900, , , ,0, , , ,0, ,2019-05-03T00:00:00Z,2019-04-26T00:00:00Z,4.48078521,51.25946793
10332660,6068317,0736953738,Nele Denys, , , ,Rechtspersoon,Besloten Vennootschap,Normale toestand,Korenbloemlaan,25, ,2900,Schoten,Korenbloemlaan,25, ,2900, , , ,0, , , ,0, ,2019-10-30T00:00:00Z,2019-10-30T00:00:00Z,4.50828207,51.26147547
10332876,6068533,2370220932,Osteo-M,Osteo-M, ,1019570067, , , ,Wezelsebaan,224, ,2900,Schoten,Wezelsebaan,224, ,2900, , , ,0, , , ,0, ,2025-02-21T00:00:00Z,2025-02-04T00:00:00Z,4.54000734,51.26271023
10333698,6069355,0807468679,BLACKBERRY, , , ,Rechtspersoon,Vereniging zonder winstoogmerk,Normale toestand,Ridder Walter Van Havrelaan,65,4,2900,Schoten,Ridder Walter Van Havrelaan,65,4,2900, , , ,0, , , ,0, ,2008-10-30T00:00:00Z,2008-09-16T00:00:00Z,4.49355375,51.25477705
10333715,6069372,0807475114,"Vereniging van Mede-eigenaars van het complex Schoten, Kuipersakkerstraat 23-25", , , ,Rechtspersoon,Vereniging van Mede-eigenaars,Normale toestand,Kuipersakkerstraat,23-25, ,2900,Schoten,Kuipersakkerstraat,23, ,2900, , , ,0, , , ,0, ,2008-10-30T00:00:00Z,2008-09-10T00:00:00Z,4.50988178,51.25129479
10333720,6069377,0807477686,"Vereniging van Mede-eigenaars van het gebouw Schoten, Verbertstraat 2B", , , ,Rechtspersoon,Vereniging van Mede-eigenaars,Normale toestand,Verbertstraat,2B, ,2900,Schoten,Verbertstraat,2B, ,2900, , , ,0, , , ,0, ,2008-10-30T00:00:00Z,2008-09-04T00:00:00Z,4.49763938,51.25052909
10334131,6069788,0810166269,MESO, , , ,Rechtspersoon,Besloten Vennootschap,Normale toestand,Elfenbankdreef,5, ,2900,Schoten,Elfenbankdreef,5, ,2900, , , ,0, , , ,0, ,2009-03-03T00:00:00Z,2009-02-25T00:00:00Z,4.53845318,51.26766797
10334266,6069923,0726565434,De 3 Viskes, , , ,Rechtspersoon,Vennootschap of vereniging zonder rechtspersoonlijkheid,Normale toestand,Zilverstraat,16, ,2900,Schoten,Zilverstraat,16, ,2900, , , ,0, , , ,0, ,2019-05-08T00:00:00Z,2012-05-30T00:00:00Z,4.52547387,51.26317519
10334865,6070522,2315973285,Finalions,Finalions, ,0760700427, , , ,Bosschaert de Bouwellei,24, ,2900,Schoten,Bosschaert de Bouwellei,24, ,2900, , , ,0, , , ,0, ,2021-04-20T00:00:00Z,2020-12-30T00:00:00Z,4.54376609,51.26160661
10334948,6070605,2315993675,"Poelmans, Jürgen",J.P. Cardetailing, ,0766438372, , , ,Akkerlaan,4, ,2900,Schoten,Akkerlaan,4, ,2900, , , ,0, , , ,0, ,2021-04-20T00:00:00Z,2021-04-03T00:00:00Z,4.50815629,51.24784938
10334979,6070636,2316250330,ALLX PROJECTS,ALLX PROJECTS, ,0767371948, , , ,Malpertuuslaan,20, ,2900,Schoten,Malpertuuslaan,20, ,2900, , , ,0, , , ,0, ,2021-04-27T00:00:00Z,2021-04-22T00:00:00Z,4.5150158,51.2646228
10335382,6071039,2317342371,Gemeente Schoten,Huis van het kind, ,0206677997, , , ,Sint-Cordulaplein,2, ,2900,Schoten,Sint-Cordulaplein,2, ,2900, , , ,0,94991,2025,Verenigingen op het vlak van jeugdwerk,1, ,2021-05-26T00:00:00Z,2021-06-01T00:00:00Z,4.49816805,51.24992378
10335384,6071041,2317342767,Gemeente Schoten,OCMW Schoten, ,0206677997, , , ,Verbertstraat,27, ,2900,Schoten,Verbertstraat,27, ,2900, , , ,0,84114,2025,"Gemeentelijke overheid, met uitzondering van het O.C.M.W",1, ,2021-05-26T00:00:00Z,2021-01-01T00:00:00Z,4.49864859,51.24789082
10335388,6071045,2317343361,Gemeente Schoten,Academie Beeldende kunst, ,0206677997, , , ,Vordensteinstraat,47, ,2900,Schoten,Vordensteinstraat,47, ,2900, , , ,0,85520,2025,Cultureel onderwijs,1, ,2021-05-26T00:00:00Z,2021-01-01T00:00:00Z,4.49378417,51.25279372
10335395,6071052,2317345143,Openbaar Centrum voor Maatschappelijk Welzijn van Schoten,Huis van het kind, ,0212168001, , , ,Sint-Cordulaplein,2, ,2900,Schoten,Sint-Cordulaplein,2, ,2900, , , ,0,88999,2025,"Andere vormen van maatschappelijke dienstverlening zonder huisvesting, n.e.g.",1, ,2021-05-26T00:00:00Z,2021-01-01T00:00:00Z,4.49816805,51.24992378
10335396,6071053,2317345440,Openbaar Centrum voor Maatschappelijk Welzijn van Schoten,gemeentebestuur Schoten, ,0212168001, , , ,Verbertstraat,3, ,2900,Schoten,Verbertstraat,3, ,2900, , , ,0,84115,2025,Openbare Centra voor Maatschappelijk Welzijn (O.C.M.W.),1, ,2021-05-26T00:00:00Z,2021-01-01T00:00:00Z,4.49796388,51.2506677
10335421,6071078,2317593779,"Geysen, Jasper", , ,0767993639, , , ,Rosveldstraat,23, ,2900,Schoten,Rosveldstraat,23, ,2900, , , ,0, , , ,0, ,2021-06-01T00:00:00Z,2021-05-01T00:00:00Z,4.50272213,51.25583666
10335937,6071594,0728733779,Het Voetenhuys, , , ,Rechtspersoon,Besloten Vennootschap,Normale toestand,Villerslei,31, ,2900,Schoten,Villerslei,31, ,2900, , , ,0,86994,2025,Activiteiten op het gebied van voetzorg en -problematiek,1,1 tot 4,2019-06-21T00:00:00Z,2019-06-21T00:00:00Z,4.50934123,51.25237762
10336747,6072404,0731797296,DR. TINNE SERNEELS, , , ,Rechtspersoon,Besloten Vennootschap,Normale toestand,Ambiorixlei,7, ,2900,Schoten,Ambiorixlei,7, ,2900, , , ,0, , , ,0, ,2019-08-01T00:00:00Z,2019-08-01T00:00:00Z,4.52291678,51.26632382
10336841,6072498,0733587541,LSP, , , ,Rechtspersoon,Besloten Vennootschap,Normale toestand,Valkenlaan,8, ,2900,Schoten,Valkenlaan,8, ,2900, , , ,0, , , ,0, ,2019-09-02T00:00:00Z,2019-09-02T00:00:00Z,4.51932199,51.24556177
10336988,6072645,0734844680,BELHOEVE, , , ,Rechtspersoon,Vennootschap of vereniging zonder rechtspersoonlijkheid,Normale toestand,Ooievaarsdreef,1, ,2900,Schoten,Ooievaarsdreef,1, ,2900, , , ,0, , , ,0, ,2019-09-24T00:00:00Z,2015-11-25T00:00:00Z,4.49666593,51.27955463
10337807,6073464,0736671349,Wanis Enterprises, , , ,Rechtspersoon,Besloten Vennootschap,Normale toestand,Alice Nahonlei,86, ,2900,Schoten,Alice Nahonlei,86, ,2900, , , ,0, , , ,0, ,2019-10-22T00:00:00Z,2019-10-22T00:00:00Z,4.53789531,51.26477401
10338095,6073752,2311370240,MALEJA,MALEJA, ,0758908105, , , ,Alfons Servaislei,58, ,2900,Schoten,Alfons Servaislei,58, ,2900, , , ,0, , , ,0, ,2021-01-07T00:00:00Z,2021-01-01T00:00:00Z,4.52578137,51.25422048
10338107,6073764,2311372121,NOOQ,NOOQ, ,0760338656, , , ,Ransuildreef,10, ,2900,Schoten,Ransuildreef,10, ,2900, , , ,0, , , ,0, ,2021-01-08T00:00:00Z,2020-12-21T00:00:00Z,4.52077732,51.24653756
10338131,6073788,2311377366,"Ceusters, Kelly", , ,0760614711, , , ,Leo Van Hullebuschstraat,107, ,2900,Schoten,Leo Van Hullebuschstraat,107, ,2900, , , ,0, , , ,0, ,2021-01-08T00:00:00Z,2021-01-01T00:00:00Z,4.50359948,51.24682643
10340016,6075673,0740562732,BROODJESBAR BO, , , ,Rechtspersoon,Besloten Vennootschap,Opening faillissement,Paalstraat,205, ,2900,Schoten,Paalstraat,205, ,2900, , , ,0, , , ,0,1 tot 4,2019-12-30T00:00:00Z,2019-12-30T00:00:00Z,4.50413295,51.25654072
10340148,6075805,0740941131,Een hart voor Schoten, ,Een hart voor Schoten, ,Rechtspersoon,Vereniging zonder winstoogmerk,Normale toestand,Leo Van Hullebuschstraat,136, ,2900,Schoten,Leo Van Hullebuschstraat,136, ,2900, , , ,0, , , ,0, ,2020-01-08T00:00:00Z,2020-01-08T00:00:00Z,4.50150321,51.24540506
10340410,6076067,2371808069,"Zhovtonoh, Vladyslava",Zhovtonoh Vladyslava, ,1021641612, , , ,Theofiel Van Cauwenberghslei,70,2,2900,Schoten,Theofiel Van Cauwenberghslei,70,2,2900, , , ,0, , , ,0, ,2025-04-02T00:00:00Z,2025-04-01T00:00:00Z,4.50480879,51.25239949
10340484,6076141,2372012066,Data 2 Strategy,Data 2 Strategy, ,1021766128, , , ,Brechtsebaan,30, ,2900,Schoten,Brechtsebaan,30, ,2900, , , ,0, , , ,0, ,2025-04-07T00:00:00Z,2025-04-01T00:00:00Z,4.51189561,51.26509537
10342354,6078011,2317886759,Neuro-Radiosurgery & Consultancy,Neuro-Radiosurgery & Consultancy, ,0768702927, , , ,Wouwersdreef,23, ,2900,Schoten,Wouwersdreef,23, ,2900, , , ,0, , , ,0, ,2021-06-08T00:00:00Z,2021-05-25T00:00:00Z,4.54274075,51.2687404
10342543,6078200,2318426989,"Lodder, Michel", , ,0770229290, , , ,Heikantstraat,6, ,2900,Schoten,Heikantstraat,6, ,2900, , , ,0, , , ,0, ,2021-06-23T00:00:00Z,2021-07-01T00:00:00Z,4.51051772,51.25293762
10342700,6078357,2318969102,"Taç, Sibel", , ,0770788823, , , ,Deuzeldlaan,143, ,2900,Schoten,Deuzeldlaan,143, ,2900, , , ,0, , , ,0, ,2021-07-06T00:00:00Z,2021-04-01T00:00:00Z,4.46213336,51.24467172
10342828,6078485,2319245155,Silverweeds,Silverweeds, ,0768869114, , , ,Hertendreef,45, ,2900,Schoten,Hertendreef,45, ,2900, , , ,0, , , ,0, ,2021-07-13T00:00:00Z,2021-05-28T00:00:00Z,4.49449655,51.27531166
10343862,6079519,0733630893,Euromaritime Holding III, , , ,Rechtspersoon,Vennootschap of vereniging zonder rechtspersoonlijkheid,Normale toestand,Hanekamdreef,1, ,2900,Schoten,Hanekamdreef,1, ,2900, , , ,0, , , ,0, ,2019-09-03T00:00:00Z,2016-12-28T00:00:00Z,4.53988392,51.26940944
10343865,6079522,0733632279,Euromaritime Holding VII, , , ,Rechtspersoon,Vennootschap of vereniging zonder rechtspersoonlijkheid,Normale toestand,Hanekamdreef,1, ,2900,Schoten,Hanekamdreef,1, ,2900, , , ,0, , , ,0, ,2019-09-03T00:00:00Z,2016-12-28T00:00:00Z,4.53988392,51.26940944
10344646,6080303,0739988947,BM Callewaert - Meskens, , , ,Rechtspersoon,Vennootschap of vereniging zonder rechtspersoonlijkheid,Normale toestand,Lariksdreef,28, ,2900,Schoten,Lariksdreef,28, ,2900, , , ,0, , , ,0, ,2019-12-24T00:00:00Z,2018-02-21T00:00:00Z,4.52102083,51.26387223
10344930,6080587,0737831191,MARETMAT, , , ,Rechtspersoon,Besloten Vennootschap,Normale toestand,Trevierenlei,14, ,2900,Schoten,Trevierenlei,14, ,2900, , , ,0, , , ,0, ,2019-11-19T00:00:00Z,2019-11-19T00:00:00Z,4.52664866,51.26844298
10345361,6081018,0741393863,Dr Heulens Tine, , , ,Rechtspersoon,Besloten Vennootschap,Normale toestand,Alfons Servaislei,12, ,2900,Schoten,Alfons Servaislei,12, ,2900, , , ,0, , , ,0, ,2020-01-10T00:00:00Z,2020-01-10T00:00:00Z,4.51645551,51.25383347
10345682,6081339,2313723281,"Senden, Arne",Arne Senden, ,0764503124, , , ,Lodewijk Janssensstraat,43, ,2900,Schoten,Lodewijk Janssensstraat,43, ,2900, , , ,0, , , ,0, ,2021-03-02T00:00:00Z,2021-02-25T00:00:00Z,4.50243727,51.25759195
10347797,6083454,0746528826,"Vereniging van Mede-eigenaars van het gebouw te Schoten, Verbertstraat 150", , , ,Rechtspersoon,Vereniging van Mede-eigenaars,Normale toestand,Verbertstraat,150, ,2900,Schoten,Verbertstraat,150, ,2900, , , ,0, , , ,0, ,2020-04-27T00:00:00Z,2020-01-20T00:00:00Z,4.49915827,51.24604855
10348090,6083747,2373885750,"Telg, Inge", , ,1023649512, , , ,Kruiningenstraat,179, ,2900,Schoten,Kruiningenstraat,179, ,2900, , , ,0, , , ,0, ,2025-05-26T00:00:00Z,2025-05-23T00:00:00Z,4.47367415,51.24181484
10349208,6084865,0736861983,USHUAIA PROPERTIES, , , ,Rechtspersoon,Besloten Vennootschap,Normale toestand,Kopstraat,63, ,2900,Schoten,Kopstraat,63, ,2900, , , ,0, , , ,0, ,2019-10-28T00:00:00Z,2019-10-28T00:00:00Z,4.49511762,51.25677347
10349540,6085197,0739780002,NICOLAS LODDEWYCKX, , , ,Rechtspersoon,Besloten Vennootschap,Normale toestand,Botermelkbaan,71, ,2900,Schoten,Botermelkbaan,71, ,2900, , , ,0, , , ,0, ,2019-12-18T00:00:00Z,2019-12-18T00:00:00Z,4.539536,51.26695058
10351059,6086716,0736733707,Multi Zorg Schoten, , , ,Rechtspersoon,Besloten Vennootschap,Normale toestand,Villerslei,31, ,2900,Schoten,Villerslei,31, ,2900, , , ,0, , , ,0, ,2019-10-24T00:00:00Z,2019-10-24T00:00:00Z,4.50934123,51.25237762
10351995,6087652,0744378790,ARTI SHOCK, ,AS, ,Rechtspersoon,Vereniging zonder winstoogmerk,Normale toestand,Sint-Amelbergalei,27, ,2900,Schoten,Sint-Amelbergalei,27, ,2900, , , ,0, , , ,0, ,2020-02-24T00:00:00Z,2020-02-24T00:00:00Z,4.52864703,51.24963431
10352931,6088588,2315352386,"Van Looveren, Steven",WESPBUSTERS, ,0687370407, , , ,Valkenlaan,4, ,2900,Schoten,Valkenlaan,4, ,2900, , , ,0, , , ,0, ,2021-04-06T00:00:00Z,2021-04-01T00:00:00Z,4.51858823,51.24601922
10353105,6088762,2315866684,Henry I,Henry I, ,0764863410, , , ,Hertendreef,47, ,2900,Schoten,Hertendreef,47, ,2900, , , ,0, , , ,0, ,2021-04-16T00:00:00Z,2021-04-01T00:00:00Z,4.49448954,51.2758444
10353241,6088898,2316144323,PROLIFERA,PROLIFERA, ,0762766824, , , ,Alfons Servaislei,54, ,2900,Schoten,Alfons Servaislei,54, ,2900, , , ,0, , , ,0, ,2021-04-23T00:00:00Z,2021-02-01T00:00:00Z,4.52322249,51.25452695
10353522,6089179,2316971395,M-B Consult,M-B Consult, ,0765528552, , , ,Amerlolaan,14, ,2900,Schoten,Amerlolaan,14, ,2900, , , ,0, , , ,0, ,2021-05-14T00:00:00Z,2021-03-23T00:00:00Z,4.48296231,51.25469271
10353895,6089552,0750994190,QuantumLeo, , , ,Rechtspersoon,Besloten Vennootschap,Opening faillissement,della Faillelaan,13, ,2900,Schoten,della Faillelaan,13, ,2900, , , ,0, , , ,0, ,2020-07-24T00:00:00Z,2020-07-24T00:00:00Z,4.54096366,51.26237717
10355123,6090780,0750891747,Queens Garden, , , ,Rechtspersoon,Vennootschap of vereniging zonder rechtspersoonlijkheid,Normale toestand,Sint-Maria-ten-Boslei,1, ,2900,Schoten,Sint-Maria-ten-Boslei,1, ,2900, , , ,0, , , ,0, ,2020-07-22T00:00:00Z,2020-06-26T00:00:00Z,4.53181715,51.26607455
10355655,6091312,0406210462,Service Station Parts, ,S.S.P., ,Rechtspersoon,Naamloze vennootschap,Vervroegde ontbinding - Vereffening (vrijwillig ontbinding),Koningshoflei,10, ,2900,Schoten,Koningshoflei,10, ,2900, , , ,0, , , ,0, ,2003-01-18T00:00:00Z,1968-10-14T00:00:00Z,4.53526853,51.26306792
10356685,6092342,0743446503,"Vereniging van Mede-eigenaars van de Residentie Godevaert te Schoten, Marsstraat 4-6", , , ,Rechtspersoon,Vereniging van Mede-eigenaars,Normale toestand,Marsstraat,4-6, ,2900,Schoten,Marsstraat,4, ,2900, , , ,0, , , ,0, ,2020-02-10T00:00:00Z,1995-08-01T00:00:00Z,4.4704968,51.24411451
10358211,6093868,0744758872,The Lucky Ones, , , ,Rechtspersoon,Vereniging zonder winstoogmerk,Normale toestand,Jachtwachtersdreef,294, ,2900,Schoten,Jachtwachtersdreef,294, ,2900, , , ,0, , , ,0, ,2020-03-05T00:00:00Z,2020-03-05T00:00:00Z,4.53753536,51.29677268
10360139,6095796,2317231020,"Nijsmans, Sean",EPC-Olé, ,0768588210, , , ,Frans De Ceusterlei,77, ,2900,Schoten, , , , , , , ,0, , , ,0, ,2021-05-21T00:00:00Z,2021-05-20T00:00:00Z,2.30668925,49.2933354
10360194,6095851,2317484903,VDPS,VDPS, ,0765915364, , , ,Schijndallei,36, ,2900,Schoten,Schijndallei,36, ,2900, , , ,0, , , ,0, ,2021-05-28T00:00:00Z,2021-03-31T00:00:00Z,4.522649,51.24862212
10362677,6098334,0409315056,Dierenasiel Schoten, , , ,Rechtspersoon,Vereniging zonder winstoogmerk,Normale toestand,Sluizenstraat,119, ,2900,Schoten,Sluizenstraat,119A, ,2900, , , ,0,94999,2025,"Overige verenigingen, n.e.g.",1,1 tot 4,2003-01-18T00:00:00Z,1970-07-09T00:00:00Z,4.50253494,51.24070857
10362961,6098618,0411581886,Arboo, , , ,Rechtspersoon,Besloten Vennootschap,Normale toestand,Alfons Servaislei,100,6,2900,Schoten,Alfons Servaislei,100,6,2900, , , ,0, , , ,0, ,2003-01-18T00:00:00Z,1971-10-13T00:00:00Z,4.5349202,51.25449369
10363603,6099260,0828010311,"Vereniging van Mede-eigenaars van het gebouwencomplex ""Domein Borgeind"" te Schoten", , , ,Rechtspersoon,Vereniging van Mede-eigenaars,Normale toestand,Borgeindstraat,11, ,2900,Schoten,Borgeindstraat,11, ,2900, , , ,0, , , ,0, ,2010-07-23T00:00:00Z,2010-06-24T00:00:00Z,4.4832711,51.24842578
10364257,6099914,0749980937,Motus Event & Lifestyle, , , ,Rechtspersoon,Vennootschap onder firma,Normale toestand,Mastendreef,10, ,2900,Schoten,Mastendreef,10, ,2900, , , ,0, , , ,0, ,2020-07-09T00:00:00Z,2020-07-09T00:00:00Z,4.5169185,51.25976928
10364351,6100008,2324388630,NAVIATRANS,Naviatrans, ,0776904672, , , ,Sluizenstraat,82, ,2900,Schoten,Sluizenstraat,82, ,2900, , , ,0,50400,2025,Goederenvervoer over binnenwateren,1, ,2021-11-29T00:00:00Z,2021-11-08T00:00:00Z,4.5053582,51.24816312
10366694,6102351,0755596346,Thuisverpleging Salima Boulahtari, , , ,Rechtspersoon,Commanditaire vennootschap,Normale toestand,Brechtsebaan,920, ,2900,Schoten,Brechtsebaan,920, ,2900, , , ,0, , , ,0, ,2020-10-02T00:00:00Z,2020-10-02T00:00:00Z,4.55098714,51.29571139
10367014,6102671,0753629523,BM Familie Rosseel-Dorssemont, , , ,Rechtspersoon,Vennootschap of vereniging zonder rechtspersoonlijkheid,Normale toestand,Klaprooslaan,6, ,2900,Schoten,Klaprooslaan,6, ,2900, , , ,0, , , ,0, ,2020-09-03T00:00:00Z,2020-07-15T00:00:00Z,4.50900655,51.26119939
10367397,6103054,2319392734,AKdMie,AKdMie, ,0770277592, , , ,Madonnadreef,15, ,2900,Schoten,Madonnadreef,15, ,2900, , , ,0, , , ,0, ,2021-07-15T00:00:00Z,2021-06-24T00:00:00Z,4.54117348,51.2594705
10367971,6103628,2320987195,"Bens, Cindy", , ,0884669494, , , ,Zilverstraat,57, ,2900,Schoten,Zilverstraat,57, ,2900, , , ,0, , , ,0, ,2021-09-03T00:00:00Z,2021-08-01T00:00:00Z,4.52819138,51.26661881
10370210,6105867,0416654194,Vereniging Franchisé 3 Suisses, , , ,Rechtspersoon,Vereniging zonder winstoogmerk,Normale toestand,Paalstraat,78, ,2900,Schoten,Paalstraat,78, ,2900, , , ,0, , , ,0, ,2003-01-18T00:00:00Z,1977-01-06T00:00:00Z,4.50141771,51.25245711
10371112,6106769,0751700807,Hollandse Herder Club België vzw, ,HHCB, ,Rechtspersoon,Vereniging zonder winstoogmerk,Normale toestand,Elzendreef,4, ,2900,Schoten,Elzendreef,4, ,2900, , , ,0, , , ,0, ,2020-08-01T00:00:00Z,2020-08-01T00:00:00Z,4.53579085,51.29859697
10372285,6107942,2328094525,NURSD!,NURSD!, ,0779529711, , , ,Zandstappenstraat,98,1,2900,Schoten,Zandstappenstraat,98, ,2900, , , ,0, , , ,0, ,2022-02-25T00:00:00Z,2021-12-30T00:00:00Z,4.50817051,51.25634357
10373827,6109484,0758969372,Medallions, , , ,Rechtspersoon,Vennootschap of vereniging zonder rechtspersoonlijkheid,Normale toestand,Bosschaert de Bouwellei,24, ,2900,Schoten,Bosschaert de Bouwellei,24, ,2900, , , ,0, , , ,0, ,2020-12-02T00:00:00Z,2020-11-30T00:00:00Z,4.54376609,51.26160661
10374883,6110540,2321788634,"Baert, Barbara",B-management coaching & consulting, ,0774495114, , , ,Hoefzwamdreef,5, ,2900,Schoten,Hoefzwamdreef,5, ,2900, , , ,0, , , ,0, ,2021-09-24T00:00:00Z,2021-10-01T00:00:00Z,4.53699462,51.26841833
10375236,6110893,2322930165,TORFS L.,Torfs, ,0404054092, , , ,Bredabaan,960, ,2900,Schoten,Bredabaan, , , , , , ,0, , , ,0, ,2021-10-18T00:00:00Z,2021-10-15T00:00:00Z,2.30668925,49.2933354
10375702,6111359,0764379794,Maatschap Mimosa, , , ,Rechtspersoon,Vennootschap of vereniging zonder rechtspersoonlijkheid,Normale toestand,Botermelkdijk,500, ,2900,Schoten,Botermelkdijk,500, ,2900, , , ,0, , , ,0, ,2021-02-26T00:00:00Z,2021-02-17T00:00:00Z,4.53599597,51.28225117
10377427,6113084,0420457386,505 Belgium, , , ,Rechtspersoon,Vereniging zonder winstoogmerk,Normale toestand,Meibloemlei,3, ,2900,Schoten,Meibloemlei,3, ,2900, , , ,0, , , ,0, ,2003-01-18T00:00:00Z,1980-01-04T00:00:00Z,4.53058596,51.2625276
10377669,6113326,0422699373,Beroepsvereniging van Maatschappelijk assistenten, ,BeMA, ,Rechtspersoon,Vereniging zonder winstoogmerk,Normale toestand,Jan Van Puyenbroecklaan,48, ,2900,Schoten,Jan Van Puyenbroecklaan,48, ,2900, , , ,0, , , ,0, ,2003-01-18T00:00:00Z,1982-03-18T00:00:00Z,4.4673569,51.26239387
10378020,6113677,0833025508,"Vereniging van Mede-eigenaars van het appartementsgebouw te Schoten, Heikantstraat 66", , , ,Rechtspersoon,Vereniging van Mede-eigenaars,Normale toestand,Heikantstraat,66, ,2900,Schoten,Heikantstraat,66, ,2900, , , ,0, , , ,0, ,2011-01-21T00:00:00Z,1995-08-01T00:00:00Z,4.51069311,51.25455566
10378129,6113786,0833490217,"Vereniging van Mede-eigenaars van ""Residentie Eik"" te Schoten, Lodewijk Weijtenstraat 27", ,Residentie Eik, ,Rechtspersoon,Vereniging van Mede-eigenaars,Normale toestand,Lodewijk Weijtenstraat,27, ,2900,Schoten,Lodewijk Verheijenstraat,27, ,2900, , , ,0, , , ,0, ,2011-02-04T00:00:00Z,1995-08-01T00:00:00Z,4.46854113,51.25119061
10380185,6115842,0759682620,FRAJOMA, , , ,Rechtspersoon,Besloten Vennootschap,Normale toestand,Botermelkdijk,500, ,2900,Schoten,Botermelkdijk,500, ,2900, , , ,0, , , ,0, ,2020-12-11T00:00:00Z,2020-12-11T00:00:00Z,4.53599597,51.28225117
10381176,6116833,0762780878,"Vereniging van Mede-eigenaars van het complex 't Zand te Schoten, Zandstappenstraat 4-6", , , ,Rechtspersoon,Vereniging van Mede-eigenaars,Normale toestand,Zandstappenstraat,4-6, ,2900,Schoten,Zandstappenstraat,4, ,2900, , , ,0, , , ,0, ,2021-02-02T00:00:00Z,2020-12-21T00:00:00Z,4.50415872,51.25516063
10381431,6117088,0764477883,"Vereniging van Mede-eigenaars van het gebouw VAART 2 te Schoten, Zaatstraat 24-32", , , ,Rechtspersoon,Vereniging van Mede-eigenaars,Normale toestand,Zaatstraat,24-32, ,2900,Schoten,Zaatstraat,24, ,2900, , , ,0, , , ,0, ,2021-03-01T00:00:00Z,2021-01-22T00:00:00Z,4.50716025,51.2546733
10381432,6117089,0764478180,"Vereniging van Mede-eigenaars van het gebouw VAART 1 te Schoten, Zaatstraat 24-32", , , ,Rechtspersoon,Vereniging van Mede-eigenaars,Normale toestand,Zaatstraat,24-32, ,2900,Schoten,Zaatstraat,24, ,2900, , , ,0, , , ,0, ,2021-03-01T00:00:00Z,2021-01-22T00:00:00Z,4.50716025,51.2546733
10382161,6117818,2324014783,B&G,B&G, ,0776508754, , , ,Paalstraat,152, ,2900,Schoten,Paalstraat,152, ,2900, , , ,0,56112,2025,"Activiteiten van eetgelegenheden met beperkte bediening, m.u.v. mobiele eetgelegenheden",1, ,2021-11-18T00:00:00Z,2021-10-26T00:00:00Z,4.50372563,51.25478811
10382529,6118186,2325019328,Flint,Flint, ,0777649691, , , ,Brechtsebaan,245, ,2900,Schoten,Brechtsebaan,245, ,2900, , , ,0, , , ,0, ,2021-12-16T00:00:00Z,2021-11-24T00:00:00Z,4.51907982,51.27203289
10383107,6118764,0768702927,Neuro-Radiosurgery & Consultancy, , , ,Rechtspersoon,Besloten Vennootschap,Normale toestand,Wouwersdreef,23, ,2900,Schoten,Wouwersdreef,23, ,2900, , , ,0, , , ,0, ,2021-05-25T00:00:00Z,2021-05-25T00:00:00Z,4.54274075,51.2687404
10385425,6121082,0836886504,"Vereniging van Mede-eigenaars van het gebouw ""Park"" te Schoten, Lodewijk Weijtenstraat 31", ,Residentie Park, ,Rechtspersoon,Vereniging van Mede-eigenaars,Normale toestand,Lodewijk Weijtenstraat,31, ,2900,Schoten,Lodewijk Verheijenstraat,31, ,2900, , , ,0, , , ,0, ,2011-06-09T00:00:00Z,1995-08-01T00:00:00Z,4.46841158,51.25128959
10386305,6121962,2330315924,Project Ventôse, , ,0784311811, , , ,Paalstraat,110, ,2900,Schoten,Paalstraat,110, ,2900, , , ,0, , , ,0, ,2022-04-25T00:00:00Z,2022-03-31T00:00:00Z,4.50270676,51.25339367
10387433,6123090,0762852045,WILBEL, , , ,Rechtspersoon,Besloten Vennootschap,Normale toestand,Botermelkdijk,500, ,2900,Schoten,Botermelkdijk,500, ,2900, , , ,0, , , ,0, ,2021-02-03T00:00:00Z,2021-01-29T00:00:00Z,4.53599597,51.28225117
10387436,6123093,0762853926,TOMINVEST, , , ,Rechtspersoon,Besloten Vennootschap,Normale toestand,Botermelkdijk,500, ,2900,Schoten,Botermelkdijk,500, ,2900, , , ,0, , , ,0, ,2021-02-03T00:00:00Z,2021-01-29T00:00:00Z,4.53599597,51.28225117
10387439,6123096,0762855213,PEPAULINVEST, , , ,Rechtspersoon,Besloten Vennootschap,Normale toestand,Botermelkdijk,500, ,2900,Schoten,Botermelkdijk,500, ,2900, , , ,0, , , ,0, ,2021-02-03T00:00:00Z,2021-01-29T00:00:00Z,4.53599597,51.28225117
10387443,6123100,0762857785,SAFRALEBO, , , ,Rechtspersoon,Besloten Vennootschap,Normale toestand,Botermelkdijk,500, ,2900,Schoten,Botermelkdijk,500, ,2900, , , ,0, , , ,0, ,2021-02-03T00:00:00Z,2021-01-29T00:00:00Z,4.53599597,51.28225117
10387444,6123101,0762858280,JAGOBEL HOLDING, , , ,Rechtspersoon,Besloten Vennootschap,Normale toestand,Botermelkdijk,500, ,2900,Schoten,Botermelkdijk,500, ,2900, , , ,0, , , ,0, ,2021-02-03T00:00:00Z,2021-01-29T00:00:00Z,4.53599597,51.28225117
10387447,6123104,0762859072,FROVESTE, , , ,Rechtspersoon,Besloten Vennootschap,Normale toestand,Botermelkdijk,500, ,2900,Schoten,Botermelkdijk,500, ,2900, , , ,0, , , ,0, ,2021-02-03T00:00:00Z,2021-01-29T00:00:00Z,4.53599597,51.28225117
10387448,6123105,0762859468,JATROPAL HOLDING, , , ,Rechtspersoon,Besloten Vennootschap,Normale toestand,Botermelkdijk,500, ,2900,Schoten,Botermelkdijk,500, ,2900, , , ,0, , , ,0, ,2021-02-03T00:00:00Z,2021-01-29T00:00:00Z,4.53599597,51.28225117
10387713,6123370,0760774562,DR SL Pearce, , , ,Rechtspersoon,Besloten Vennootschap,Normale toestand,Verbertstraat,44, ,2900,Schoten,Verbertstraat,44, ,2900, , , ,0, , , ,0, ,2021-01-04T00:00:00Z,2021-01-04T00:00:00Z,4.4974277,51.24882685
10387861,6123518,0761720214,Jolix, , , ,Rechtspersoon,Besloten Vennootschap,Normale toestand,Villerslei,188, ,2900,Schoten,Villerslei,188, ,2900, , , ,0, , , ,0, ,2021-01-18T00:00:00Z,2021-01-18T00:00:00Z,4.52200584,51.25014891
10388284,6123941,0764863410,Henry I, , , ,Rechtspersoon,Naamloze vennootschap,Normale toestand,Hertendreef,47, ,2900,Schoten,Hertendreef,47, ,2900, , , ,0, , , ,0, ,2021-03-10T00:00:00Z,2021-03-10T00:00:00Z,4.49448954,51.2758444
10389441,6125098,2325762070,"Peeters, Liesbet", , ,0779640468, , , ,Lusthofdreef,32, ,2900,Schoten,Lusthofdreef,32, ,2900, , , ,0, , , ,0, ,2022-01-05T00:00:00Z,2022-01-02T00:00:00Z,4.52732079,51.25834719
10391468,6127125,0771489795,J & J Insurance, , , ,Rechtspersoon,Besloten Vennootschap,Normale toestand,Kopstraat,52, ,2900,Schoten,Kopstraat,52, ,2900, , , ,0, , , ,0, ,2021-07-16T00:00:00Z,2021-07-16T00:00:00Z,4.49378892,51.25625043
10392054,6127711,0429049905,FIRMA HURO, , , ,Rechtspersoon,Besloten Vennootschap,Normale toestand,Kleine Eikendreef,9, ,2900,Schoten,Kleine Eikendreef,9, ,2900, , , ,0, , , ,0, ,2003-01-18T00:00:00Z,1986-06-11T00:00:00Z,4.5455501,51.29725717
10392310,6127967,0430574585,Vereniging ter Bevorderingen van de Recreatieve Autosport voor Mindervaliden, ,V.R.A.M., ,Rechtspersoon,Vereniging zonder winstoogmerk,Normale toestand,Grote Singel,35, ,2900,Schoten,Grote Singel,35, ,2900, , , ,0, , , ,0, ,2003-01-18T00:00:00Z,1984-11-30T00:00:00Z,4.52138878,51.25931533
10393614,6129271,0767904458,Airseefe Développement Cameroun, ,Airseefe, ,Rechtspersoon,Vereniging zonder winstoogmerk,Normale toestand,Peerdsbosbaan,27, ,2900,Schoten,Peerdsbosbaan,27, ,2900, , , ,0, , , ,0, ,2021-05-06T00:00:00Z,2021-05-06T00:00:00Z,4.47794823,51.26972061
10393911,6129568,2332826442,LIGHTING PARTNERS EUROPE,LIGHTING PARTNERS EUROPE, ,0785896275, , , ,Distelvinklei,7, ,2900,Schoten,Distelvinklei,7, ,2900, , , ,0,46474,2025,Groothandel in verlichtingsapparatuur,1, ,2022-07-05T00:00:00Z,2022-05-10T00:00:00Z,4.54085638,51.26516386
10393981,6129638,2333081117,"Janssens, Elke",ELkeszorg, ,0788408476, , , ,Churchilllaan,322, ,2900,Schoten,Churchilllaan,322, ,2900, , , ,0, , , ,0, ,2022-07-12T00:00:00Z,2022-08-01T00:00:00Z,4.48135565,51.2496352
10394107,6129764,2333321142,WK WORKS,WK WORKS, ,0788195274, , , ,Ridder Walter Van Havrelaan,55,3,2900,Schoten,Ridder Walter Van Havrelaan,55,3,2900, , , ,0, , , ,0, ,2022-07-18T00:00:00Z,2022-07-04T00:00:00Z,4.49398379,51.2550039
10394497,6130154,0764904287,L.H. JACOBS, , , ,Rechtspersoon,Besloten Vennootschap,Normale toestand,Elfenbankdreef,5, ,2900,Schoten,Elfenbankdreef,5, ,2900, , , ,0, , , ,0, ,2021-03-11T00:00:00Z,2006-06-29T00:00:00Z,4.53845318,51.26766797
10395305,6130962,0766321477,PB Services, , , ,Rechtspersoon,Besloten Vennootschap,Normale toestand,Salvialei,121,1,2900,Schoten,Salvialei,121,1,2900, , , ,0,86220,2025,Activiteiten van medisch specialisten,1,1 tot 4,2021-04-02T00:00:00Z,2021-04-02T00:00:00Z,4.4595374,51.24470863
10396899,6132556,2327995050,"Van Exem, Joëlle",JVE, ,0782339048, , , ,Kromvendreef,38, ,2900,Schoten,Kromvendreef,38, ,2900, , , ,0, , , ,0, ,2022-02-24T00:00:00Z,2022-03-01T00:00:00Z,4.52474632,51.27226973
10397321,6132978,2329231504,RvW verzekeringen,RvW verzekeringen, ,0782837312, , , ,Lodewijk Verheijenstraat,6, ,2900,Schoten,Lodewijk Verheijenstraat,6, ,2900, , , ,0, , , ,0, ,2022-03-28T00:00:00Z,2022-03-03T00:00:00Z,4.46905711,51.25096178
10397363,6133020,2329240610,"Epifanov, Arkadi", , ,0783683091, , , ,Lode Vleeshouwerslaan,8, ,2900,Schoten,Lode Vleeshouwerslaan,8, ,2900, , , ,0, , , ,0, ,2022-03-28T00:00:00Z,2022-04-01T00:00:00Z,4.47022959,51.26430322
10398659,6134316,0772767425,"Vereniging van Mede-eigenaars van het gebouw te Schoten, Thuretstraat 82-84", , , ,Rechtspersoon,Vereniging van Mede-eigenaars,Normale toestand,Thuretstraat,82-84, ,2900,Schoten,Thuretstraat,82, ,2900, , , ,0, , , ,0, ,2021-08-23T00:00:00Z,2021-05-27T00:00:00Z,4.49951078,51.25612691
10398747,6134404,0775882709,GEM, , , ,Rechtspersoon,Vennootschap of vereniging zonder rechtspersoonlijkheid,Normale toestand,Botermelkdijk,500, ,2900,Schoten,Botermelkdijk,500, ,2900, , , ,0, , , ,0, ,2021-10-19T00:00:00Z,2021-10-01T00:00:00Z,4.53599597,51.28225117
10401189,6136846,2334735461,UROLOGIE PRAKTIJK KLAVER,UROLOGIE PRAKTIJK KLAVER, ,0789949687, , , ,Eekhoornlei,12, ,2900,Schoten,Eekhoornlei,12, ,2900, , , ,0, , , ,0, ,2022-09-01T00:00:00Z,2022-08-25T00:00:00Z,4.52542014,51.26096694
10402412,6138069,0768840707,SOVAN, , , ,Rechtspersoon,Vennootschap of vereniging zonder rechtspersoonlijkheid,Normale toestand,Frans Reinemundlei,28, ,2900,Schoten,Frans Reinemundlei,28, ,2900, , , ,0, , , ,0, ,2021-05-28T00:00:00Z,2021-05-10T00:00:00Z,4.53017092,51.2596832
10405427,6141084,0783726841,MBNG, , , ,Rechtspersoon,Vennootschap of vereniging zonder rechtspersoonlijkheid,Normale toestand,Horstebaan,207, ,2900,Schoten,Horstebaan,207, ,2900, , , ,0, , , ,0, ,2022-03-23T00:00:00Z,2022-03-11T00:00:00Z,4.47350756,51.25919601
10406718,6142375,0436531771,ZAKEN- en ADVIESKANTOOR, , , ,Rechtspersoon,Coöperatieve Vennootschap (oud statuut),Normale toestand,Grote Singel,21, ,2900,Schoten,Grote Singel,21, ,2900, , , ,0, , , ,0, ,2003-01-18T00:00:00Z,1989-01-15T00:00:00Z,4.51632743,51.25792168
10407250,6142907,0846614515,NEWTON'S APPLE CULTURE, , , ,Rechtspersoon,Vereniging zonder winstoogmerk,Normale toestand,Venusstraat,13, ,2900,Schoten,Venusstraat,13, ,2900, , , ,0, , , ,0, ,2012-06-15T00:00:00Z,2012-06-15T00:00:00Z,4.46467336,51.24285332
10409060,6144717,2337948240,Intrepid,Intrepid, ,0792786344, , , ,Vic Meesstraat,3,6,2900,Schoten,Vic Meesstraat,3,6,2900, , , ,0, , , ,0, ,2022-11-22T00:00:00Z,2022-10-24T00:00:00Z,4.47132672,51.24252547
10409161,6144818,0772988842,"Vereniging van Mede-eigenaars van de Residentie Kerkzicht te 2900 Schoten, Villerslei 140", , , ,Rechtspersoon,Vereniging van Mede-eigenaars,Normale toestand,Villerslei,140, ,2900,Schoten,Villerslei,140, ,2900, , , ,0, , , ,0, ,2021-08-30T00:00:00Z,2021-07-12T00:00:00Z,4.51552911,51.25176444
10410737,6146394,0780806250,"Vereniging van Mede-eigenaars van de Residentie Carpe Diem te 2900 Schoten, Villerslei 85-87-89", , , ,Rechtspersoon,Vereniging van Mede-eigenaars,Normale toestand,Villerslei,85-87-89, ,2900,Schoten,Villerslei,85, ,2900, , , ,0, , , ,0, ,2022-01-24T00:00:00Z,2021-09-27T00:00:00Z,4.51230933,51.252545
10410896,6146553,0778441925,Thuisverpleging Aerts Leen, , , ,Rechtspersoon,Commanditaire vennootschap,Normale toestand,Jozef Gijselsstraat,13, ,2900,Schoten,Jozef Gijselsstraat,13, ,2900, , , ,0, , , ,0, ,2021-12-09T00:00:00Z,2021-12-09T00:00:00Z,4.4793244,51.24996179
10411985,6147642,2332962440,"Verschuren, Gregory",Lava Outdoor, ,0787716808, , , ,Grote Singel,84, ,2900,Schoten,Grote Singel,84, ,2900, , , ,0, , , ,0, ,2022-07-08T00:00:00Z,2022-07-04T00:00:00Z,4.5239506,51.25912116
10412756,6148413,0786850142,Darts Never Enough, , , ,Rechtspersoon,Vereniging zonder winstoogmerk,Normale toestand,Vordensteinstraat,78, ,2900,Schoten,Vordensteinstraat,78, ,2900, , , ,0, , , ,0, ,2022-06-07T00:00:00Z,2022-06-07T00:00:00Z,4.49311365,51.25362701
10415096,6150753,0863412440,HESSARI, , , ,Rechtspersoon,Coöperatieve vennootschap met onbeperkte aansprakelijkheid,Normale toestand,Industrielaan,35,3,2900,Schoten,Industrielaan,35,3,2900, , , ,0, , , ,0, ,2004-02-13T00:00:00Z,2004-02-13T00:00:00Z,4.4809772,51.23832332
10415833,6151490,2338182525,V.M. Verbraeken Management,V.M. Verbraeken Management, ,0792468125, , , ,Jan Van Puyenbroecklaan,44, ,2900,Schoten,Jan Van Puyenbroecklaan,44, ,2900, , , ,0, , , ,0, ,2022-11-28T00:00:00Z,2022-10-14T00:00:00Z,4.4681212,51.26246342
10415929,6151586,2338420669,"Fierza, Ardiana",Fierza Ardiana, ,0794366850, , , ,Jan Van Puyenbroecklaan,73, ,2900,Schoten,Jan Van Puyenbroecklaan,73, ,2900, , , ,0, , , ,0, ,2022-12-05T00:00:00Z,2023-01-02T00:00:00Z,4.46822056,51.26170167
10416327,6151984,2339324947,Fuerte,Fuerte, ,0795272118, , , ,Vinkenlei,18, ,2900,Schoten,Vinkenlei,18, ,2900, , , ,0, , , ,0, ,2022-12-28T00:00:00Z,2022-12-22T00:00:00Z,4.52417738,51.25737193
10416416,6152073,2339538050,"Theunis, Margo", , ,0795704460, , , ,Constant Neutjensstraat,61, ,2900,Schoten,Constant Neutjensstraat,61, ,2900, , , ,0, , , ,0, ,2023-01-04T00:00:00Z,2023-01-16T00:00:00Z,4.49491363,51.25256187
10417558,6153215,0780810705,"Vereniging van Mede-eigenaars van het gebouw te Schoten, Tulpenlaan 52", , , ,Rechtspersoon,Vereniging van Mede-eigenaars,Normale toestand,Tulpenlaan,52, ,2900,Schoten,Tulpenlaan,52, ,2900, , , ,0, , , ,0, ,2022-01-24T00:00:00Z,2021-10-14T00:00:00Z,4.50909948,51.25905665
10418426,6154083,0782837312,RvW verzekeringen, , , ,Rechtspersoon,Besloten Vennootschap,Normale toestand,Lodewijk Verheijenstraat,6, ,2900,Schoten,Lodewijk Verheijenstraat,6, ,2900, , , ,0, , , ,0, ,2022-03-03T00:00:00Z,2022-03-03T00:00:00Z,4.46905711,51.25096178
10419260,6154917,2334636481,"Grupping, Nicolas",Nict Solutions, ,0789812897, , , ,Lariksdreef,65, ,2900,Schoten,Lariksdreef,65, ,2900, , , ,0, , , ,0, ,2022-08-30T00:00:00Z,2022-08-15T00:00:00Z,4.51947837,51.26707124
10421611,6157268,0444913759,Dansgroep Chara, , , ,Rechtspersoon,Vereniging zonder winstoogmerk,Normale toestand,Liebiglaan,54, ,2900,Schoten,Liebiglaan,54, ,2900, , , ,0,90202,2025,Beoefening van uitvoerende kunsten door artistieke ensembles,1,0 tot 0,2003-01-18T00:00:00Z,1991-03-23T00:00:00Z,4.47852403,51.2429949
10422427,6158084,0866762108,"Vereniging van Mede-eigenaars van het gebouw Schoten, Heikantstraat 41 B", , , ,Rechtspersoon,Vereniging van Mede-eigenaars,Normale toestand,Heikantstraat,41 B, ,2900,Schoten,Heikantstraat,41, ,2900, , , ,0, , , ,0, ,2004-08-12T00:00:00Z,2002-04-17T00:00:00Z,4.51026064,51.2540256
10422431,6158088,0866764383,"Vereniging van Mede-eigenaars van het gebouw Schoten, Heikantstraat 160", ,Residentie Westende, ,Rechtspersoon,Vereniging van Mede-eigenaars,Normale toestand,Heikantstraat,160, ,2900,Schoten,Heikantstraat,160, ,2900, , , ,0, , , ,0, ,2004-08-13T00:00:00Z,2002-03-20T00:00:00Z,4.51058599,51.25765126
10422432,6158089,0866764779,"Vereniging van Mede-eigenaars van het gebouw Schoten, Heikantstraat 152", ,Residentie Wenduyne, ,Rechtspersoon,Vereniging van Mede-eigenaars,Normale toestand,Heikantstraat,152, ,2900,Schoten,Heikantstraat,152, ,2900, , , ,0, , , ,0, ,2004-08-13T00:00:00Z,2002-02-15T00:00:00Z,4.510394,51.25726185
10422600,6158257,0782247293,Dr. Alain Neckebroek, , , ,Rechtspersoon,Besloten Vennootschap,Normale toestand,Ridder Walter Van Havrelaan,53,2,2900,Schoten,Ridder Walter Van Havrelaan,53,2,2900, , , ,0, , , ,0, ,2022-02-16T00:00:00Z,2022-02-16T00:00:00Z,4.49410084,51.25506544
10423312,6158969,2340183792,"Supren, Andrii",TKitten, ,0795826107, , , ,Gelmelenstraat,193, ,2900,Schoten,Gelmelenstraat,193, ,2900, , , ,0, , , ,0, ,2023-01-17T00:00:00Z,2023-02-01T00:00:00Z,4.49704164,51.25552463
10423455,6159112,2340634546,Pantera,Pantera, ,0795535897, , , ,Boekenborglei,22,2,2900,Schoten,Boekenborglei,22,2,2900, , , ,0, , , ,0, ,2023-01-26T00:00:00Z,2022-12-29T00:00:00Z,4.46054674,51.24465167
10423594,6159251,2340859230,"Dufoer, Lieva",Li-Connect, ,0797823020, , , ,Kromvendreef,42, ,2900,Schoten,Kromvendreef,42, ,2900, , , ,0, , , ,0, ,2023-02-01T00:00:00Z,2023-02-01T00:00:00Z,4.52531851,51.27270464
10423887,6159544,0781943328,"Deelvereniging van Mede-eigenaars in het complex De Vaart:  deelgebouw APPARTEMENTEN DE VAART te Schoten, Heikantstraat 114-122", , , ,Rechtspersoon,Vereniging van Mede-eigenaars,Normale toestand,Heikantstraat,114-122,Blok,2900,Schoten,Heikantstraat,118,1,2900, , , ,0, , , ,0, ,2022-02-14T00:00:00Z,2021-12-21T00:00:00Z,4.50974827,51.25599672
10423889,6159546,0781944021,"Deelvereniging van Mede-eigenaars in het complex De Vaart:  deelgebouw PARKEERGARAGE DE VAART te Schoten, Heikantstraat 114-122", , , ,Rechtspersoon,Vereniging van Mede-eigenaars,Normale toestand,Heikantstraat,114-122,Blok,2900,Schoten,Heikantstraat,118,1,2900, , , ,0, , , ,0, ,2022-02-14T00:00:00Z,2021-12-21T00:00:00Z,4.50974827,51.25599672
10424003,6159660,0782551755,Nymphia, , , ,Rechtspersoon,Commanditaire vennootschap,Normale toestand,Hans Memlingstraat,8, ,2900,Schoten,Hans Memlingstraat,8, ,2900, , , ,0, , , ,0, ,2022-02-24T00:00:00Z,2022-02-24T00:00:00Z,4.47726188,51.24318716
10424059,6159716,0782922632,"Vereniging van Mede-eigenaars van het garagecomplex te Schoten, Edisonplein 5+", , , ,Rechtspersoon,Vereniging van Mede-eigenaars,Normale toestand,Edisonplein,5+, ,2900,Schoten,Edisonplein,5, ,2900, , , ,0, , , ,0, ,2022-03-07T00:00:00Z,1995-08-01T00:00:00Z,4.50088467,51.25323565
10424522,6160179,0781934123,Maatschap P&S, , , ,Rechtspersoon,Vennootschap of vereniging zonder rechtspersoonlijkheid,Normale toestand,Koningshoflei,17, ,2900,Schoten,Koningshoflei,17, ,2900, , , ,0, , , ,0, ,2022-02-14T00:00:00Z,2021-12-13T00:00:00Z,4.53931548,51.26207297
10426619,6162276,2336623793,"De Backer, Floortje",poëziecoach, ,0792360039, , , ,Begonialaan,36, ,2900,Schoten,Begonialaan,36, ,2900, , , ,0, , , ,0, ,2022-10-14T00:00:00Z,2022-10-18T00:00:00Z,4.510149,51.25926653
10426840,6162497,2337138685,New Breed Records,New Breed Records, ,0792278677, , , ,Botermelkbaan,22, ,2900,Schoten,Botermelkbaan,22, ,2900, , , ,0, , , ,0, ,2022-10-27T00:00:00Z,2022-10-10T00:00:00Z,4.52936319,51.27224025
10428720,6164377,0792902051,"Vereniging van Mede-Eigenaars van het gebouw te 2900 Schoten, Theofiel Van Cauwenberghslei 95-99", , , ,Rechtspersoon,Vereniging van Mede-eigenaars,Normale toestand,Theofiel Van Cauwenberghslei,95-99, ,2900,Schoten,Theofiel Van Cauwenberghslei,95, ,2900, , , ,0, , , ,0, ,2022-10-26T00:00:00Z,2022-10-04T00:00:00Z,4.50607308,51.2527358
10428741,6164398,0792910464,"Vereniging van Mede-Eigenaars van het KMO-park Sluizenstraat te 2900 Schoten, Sluizenstraat 55-57", , , ,Rechtspersoon,Vereniging van Mede-eigenaars,Normale toestand,Sluizenstraat,55-57, ,2900,Schoten,Sluizenstraat,55, ,2900, , , ,0, , , ,0, ,2022-10-26T00:00:00Z,2022-10-19T00:00:00Z,4.50664796,51.24771319
10429538,6165195,0870576087,"Vereniging van Mede-eigenaars van het gebouwencomplex  Schoten, Borkelstraat 124-128", ,Borkelhof, ,Rechtspersoon,Vereniging van Mede-eigenaars,Normale toestand,Borkelstraat,124, ,2900,Schoten,Borkelstraat,124, ,2900, , , ,0, , , ,0, ,2004-12-15T00:00:00Z,2004-09-16T00:00:00Z,4.48717285,51.2537215
10429544,6165201,0870580542,"Vereniging van Mede-eigenaars van het gebouw Schoten, Verbertstraat 15-17-19-21a en 21b, hoek Sint-Cordulaplein 1-2en3", ,Residentie 't Hoekpand, ,Rechtspersoon,Vereniging van Mede-eigenaars,Normale toestand,Verbertstraat,15, ,2900,Schoten,Verbertstraat,15, ,2900, , , ,0, , , ,0, ,2004-12-15T00:00:00Z,2004-09-29T00:00:00Z,4.49793304,51.25013643
10429550,6165207,0870583017,"Vereniging van Mede-eigenaars van het gebouw Schoten, Constant Neutjensstraat 26-32 - Kuipersstraat 47", ,woonerf 'Binnenhof', ,Rechtspersoon,Vereniging van Mede-eigenaars,Normale toestand,Constant Neutjensstraat,26, ,2900,Schoten,Constant Neutjensstraat,26, ,2900, , , ,0, , , ,0, ,2004-12-15T00:00:00Z,2004-10-06T00:00:00Z,4.49481507,51.25134461
10429723,6165380,0871462153,"Vereniging van Mede-eigenaars van het gebouw Schoten, Heikantstraat 228", , , ,Rechtspersoon,Vereniging van Mede-eigenaars,Normale toestand,Heikantstraat,228, ,2900,Schoten,Heikantstraat,228, ,2900, , , ,0, , , ,0, ,2005-01-26T00:00:00Z,1999-07-05T00:00:00Z,4.51268142,51.25992275
10430481,6166138,2341714612,"Huyskens, Jacqueline",Jardins de Jacqueline, ,0798472425, , , ,Frans De Ceusterlei,31, ,2900,Schoten, , , , , , , ,0, , , ,0, ,2023-02-21T00:00:00Z,2023-03-01T00:00:00Z,2.30668925,49.2933354
10430618,6166275,2341953053,Geudens Elektro,Geudens Elektro, ,0797347522, , , ,Hendrik Consciencestraat,13,5,2900,Schoten,Hendrik Consciencestraat,13,5,2900, , , ,0, , , ,0, ,2023-02-27T00:00:00Z,2023-01-18T00:00:00Z,4.50361041,51.24935455
10430724,6166381,2342179123,"Zarzeka, Anita",ATINA_HairAtelier, ,0799167459, , , ,Leo Van Hullebuschstraat,68, ,2900,Schoten,Leo Van Hullebuschstraat,68, ,2900, , , ,0, , , ,0, ,2023-03-04T00:00:00Z,2023-03-01T00:00:00Z,4.50313502,51.24681959
10433728,6169385,2337853121,NVG Concepts,NVG Concepts, ,0793117728, , , ,Alice Nahonlei,74, ,2900,Schoten,Alice Nahonlei,74, ,2900, , , ,0, , , ,0, ,2022-11-18T00:00:00Z,2022-10-28T00:00:00Z,4.53796427,51.26290229
10434050,6169707,2338758882,Opstroms,Opstrøms, ,0794435443, , , ,Kuipersakkerstraat,6, ,2900,Schoten,Kuipersakkerstraat,6, ,2900, , , ,0, , , ,0, ,2022-12-14T00:00:00Z,2022-12-06T00:00:00Z,4.50921394,51.25168109
10436097,6171754,0451029313,Solidariteitskoor Frappant, , , ,Rechtspersoon,Vereniging zonder winstoogmerk,Normale toestand,Albert Dineurlaan,5, ,2900,Schoten,Albert Dineurlaan,5, ,2900, , , ,0, , , ,0, ,2003-01-18T00:00:00Z,1993-07-30T00:00:00Z,4.5116258,51.25332539
10436537,6172194,0453632178,AVATIM, , , ,Rechtspersoon,Naamloze vennootschap,Normale toestand,Schijnparklaan,22, ,2900,Schoten,Schijnparklaan,22, ,2900, , , ,0, , , ,0, ,2003-01-19T00:00:00Z,1994-10-14T00:00:00Z,4.51799461,51.24441259
10438660,6174317,0788904166,"Vereniging van Mede-eigenaars van het gebouw te 2900 Schoten, Alfons Heuvelsstraat 81", , , ,Rechtspersoon,Vereniging van Mede-eigenaars,Normale toestand,Alfons Heulensstraat,81, ,2900,Schoten,Alfons Heulensstraat,81, ,2900, , , ,0, , , ,0, ,2022-07-26T00:00:00Z,2022-05-31T00:00:00Z,4.48235877,51.25133069
10439297,6174954,0788892288,CORT ART, , , ,Rechtspersoon,Besloten Vennootschap,Normale toestand,Ridder Walter Van Havrelaan,390, ,2900,Schoten,Ridder Walter Van Havrelaan,390, ,2900, , , ,0,86230,2025,Activiteiten van tandartspraktijken,1, ,2022-07-26T00:00:00Z,2022-07-26T00:00:00Z,4.48046441,51.25130797
10439361,6175018,0789501905,"Vereniging van Mede-Eigenaars Residentie Eddy, Zamenhoflaan 8 te 2900 Schoten", , , ,Rechtspersoon,Vereniging van Mede-eigenaars,Normale toestand,Zamenhoflaan,8, ,2900,Schoten,Zamenhoflaan,8, ,2900, , , ,0, , , ,0, ,2022-08-09T00:00:00Z,1995-08-01T00:00:00Z,4.49871068,51.25215749
10441127,6176784,2339864286,Van Hove Bosschaerts Company,Van Hove Bosschaerts Company, ,0795203921, , , ,Kasteeldreef,43, ,2900,Schoten,Kasteeldreef,43, ,2900, , , ,0, , , ,0, ,2023-01-11T00:00:00Z,2022-12-21T00:00:00Z,4.4916772,51.24662287
10441469,6177126,2340547048,"Stanciu, Gabriel-Eugen",STANCIU GABRIEL EUGEN, ,0797588537, , , ,Peter Benoitstraat,24, ,2900,Schoten,Peter Benoitstraat,24, ,2900, , , ,0, , , ,0, ,2023-01-25T00:00:00Z,2023-01-01T00:00:00Z,4.50133101,51.24973888
10441648,6177305,2340978994,LDM Cleaning,LDM Cleaning, ,0797546074, , , ,van Beethovenlei,67,2,2900,Schoten,van Beethovenlei,67,2,2900, , , ,0,81210,2025,Algemene reiniging van gebouwen,1, ,2023-02-03T00:00:00Z,2023-01-24T00:00:00Z,4.46521742,51.24637494
10441659,6177316,2340981469,"Van Besauw, Dylan", , ,0797973864, , , ,Neerhoeve,12,1,2900,Schoten,Neerhoeve,12,1,2900, , , ,0, , , ,0, ,2023-02-03T00:00:00Z,2023-02-01T00:00:00Z,4.48715186,51.25088599
10444308,6179965,0878582646,EQUINOX, , , ,Rechtspersoon,Vereniging zonder winstoogmerk,Normale toestand,Madonnadreef,7, ,2900,Schoten,Madonnadreef,7, ,2900, , , ,0, , , ,0, ,2006-01-12T00:00:00Z,2005-12-14T00:00:00Z,4.53987883,51.2596802
10445358,6181015,2345600352,"Celis, Manuella",Broodjes Tasty, ,0802426956, , , ,Theofiel Van Cauwenberghslei,46, ,2900,Schoten,Theofiel Van Cauwenberghslei,46, ,2900, , , ,0, , , ,0, ,2023-06-06T00:00:00Z,2023-07-01T00:00:00Z,4.5036437,51.25232955
10445749,6181406,2346690811,Bacterior, , ,0740930243, , , ,Braamstraat,107,4,2900,Schoten,Braamstraat,107,1,2900, , , ,0, , , ,0, ,2023-07-04T00:00:00Z,2023-06-01T00:00:00Z,4.49676242,51.24249037
10447290,6182947,0795454042,Castellum, , , ,Rechtspersoon,Vennootschap of vereniging zonder rechtspersoonlijkheid,Normale toestand,Valkenlaan,23, ,2900,Schoten,Valkenlaan,23, ,2900, , , ,0, , , ,0, ,2022-12-28T00:00:00Z,2022-07-31T00:00:00Z,4.52107211,51.24476765
10448267,6183924,0797888049,"Vereniging van Mede-eigenaars van de ""Residentie Wilgenhof"" te 2900 Schoten, Lodewijk Weijtenstraat 39 (Blok IV)", , , ,Rechtspersoon,Vereniging van Mede-eigenaars,Normale toestand,Lodewijk Weijtenstraat,39, ,2900,Schoten,Lodewijk Verheijenstraat,39, ,2900, , , ,0, , , ,0, ,2023-02-01T00:00:00Z,1995-08-01T00:00:00Z,4.46818372,51.25149436
10448671,6184328,2342072819,Dillytrans,Dillytrans, ,0798505483, , , ,Jacob Jordaensstraat,1, ,2900,Schoten,Jacob Jordaensstraat,1, ,2900, , , ,0, , , ,0, ,2023-03-02T00:00:00Z,2023-02-16T00:00:00Z,4.47612189,51.24314129
10448814,6184471,2342309775,"Steurs, Jeannine",Jeannine Steurs Osteopathie, ,0798392746, , , ,Tijllaan,21, ,2900,Schoten,Tijllaan,21, ,2900, , , ,0, , , ,0, ,2023-03-08T00:00:00Z,2023-02-20T00:00:00Z,4.51387922,51.26378713
10450711,6186368,0800994425,Janula & De Romeo's, , , ,Rechtspersoon,Vennootschap of vereniging zonder rechtspersoonlijkheid,Normale toestand,Alfons Servaislei,18,24,2900,Schoten,Alfons Servaislei,18,24,2900, , , ,0, , , ,0, ,2023-04-21T00:00:00Z,2023-03-27T00:00:00Z,4.51690382,51.25450181
10451210,6186867,0459826817,Chauffeurs voor Kinderen, ,C.V.K., ,Rechtspersoon,Vereniging zonder winstoogmerk,Normale toestand,Ridder Walter Van Havrelaan,341, ,2900,Schoten,Ridder Walter Van Havrelaan,341, ,2900, , , ,0, , , ,0, ,2003-01-19T00:00:00Z,1996-10-05T00:00:00Z,4.48291554,51.2514079
10452717,6188374,2347356052,"David, Josielyn", , ,0803340043, , , ,Lotuslaan,4, ,2900,Schoten,Lotuslaan,4, ,2900, , , ,0, , , ,0, ,2023-07-20T00:00:00Z,2023-08-01T00:00:00Z,4.5075684,51.25842515
10452795,6188452,2347561237,"Cop, Rob", , ,0768185461, , , ,Boekenborglei,30,3,2900,Schoten,Boekenborglei,30,3,2900, , , ,0, , , ,0, ,2023-07-27T00:00:00Z,2023-05-02T00:00:00Z,4.46018799,51.24456512
10452911,6188568,2347795225,Tropic Choc,TROPIC CHOC BV, ,0803366866, , , ,Vordensteinstraat,121,6,2900,Schoten,Vordensteinstraat,121,6,2900, , , ,0, , , ,0, ,2023-08-03T00:00:00Z,2023-06-29T00:00:00Z,4.49059045,51.25389867
10453023,6188680,2348238950,ARGEA,ARGEA, ,0804222644, , , ,Bosschaert de Bouwellei,7, ,2900,Schoten,Bosschaert de Bouwellei,7, ,2900, , , ,0, , , ,0, ,2023-08-21T00:00:00Z,2023-05-05T00:00:00Z,4.54283118,51.2618345
10453618,6189275,0795777211,"Vereniging van Mede-eigenaars van het gebouw te 2900 Schoten, Zamenhoflaan 6", , , ,Rechtspersoon,Vereniging van Mede-eigenaars,Normale toestand,Zamenhoflaan,6, ,2900,Schoten,Zamenhoflaan,6, ,2900, , , ,0, , , ,0, ,2023-01-05T00:00:00Z,1995-08-01T00:00:00Z,4.49855501,51.25206356
10453988,6189645,0794926876,Humanitaire Hulp Oekraïne vzw, , , ,Rechtspersoon,Vereniging zonder winstoogmerk,Normale toestand,Ridder Walter Van Havrelaan,90,6,2900,Schoten,Ridder Walter Van Havrelaan,90,6,2900, , , ,0, , , ,0, ,2022-12-17T00:00:00Z,2022-12-17T00:00:00Z,4.49022091,51.25368271
10454234,6189891,0795756425,"Vereniging van Mede-eigenaars van het gebouw te 2900 Schoten, Jan Van Eyckstraat 2", , , ,Rechtspersoon,Vereniging van Mede-eigenaars,Normale toestand,Jan Van Eyckstraat,2, ,2900,Schoten,Jan Van Eyckstraat,2, ,2900, , , ,0, , , ,0, ,2023-01-05T00:00:00Z,1995-08-01T00:00:00Z,4.47505179,51.24552902
10455722,6191379,2343005108,"Van Rompaey, Steven", , ,0799926633, , , ,Bosschaert de Bouwellei,46, ,2900,Schoten,Bosschaert de Bouwellei,46, ,2900, , , ,0, , , ,0, ,2023-03-24T00:00:00Z,2023-03-13T00:00:00Z,4.54505456,51.26300452
10455838,6191495,2343235829,"Keller, Helena",Therapeute Praktijk Keller Helena, ,0799982952, , , ,Laarsebeekdreef,5, ,2900,Schoten,Laarsebeekdreef,5, ,2900, , , ,0, , , ,0, ,2023-03-30T00:00:00Z,2023-04-01T00:00:00Z,4.50947786,51.28408462
10456110,6191767,2343942444,GALLOPING MINDS,GALLOPING MINDS, ,0799865958, , , ,Metropoolstraat,3-4, ,2900,Schoten,Metropoolstraat,3, ,2900, , , ,0, , , ,0, ,2023-04-18T00:00:00Z,2023-03-23T00:00:00Z,4.4895753,51.24141497
10456114,6191771,2343943038,BIKEFIT VAN STAEYEN,BIKEFIT VAN STAEYEN, ,0800517937, , , ,Rodeborgstraat,67, ,2900,Schoten,Rodeborgstraat,67, ,2900, , , ,0, , , ,0, ,2023-04-18T00:00:00Z,2023-04-06T00:00:00Z,4.5006786,51.25430611
10458060,6193717,0803356671,gymCo Schoten, , , ,Rechtspersoon,Vereniging zonder winstoogmerk,Normale toestand,Arthur Verhoevenlaan,32, ,2900,Schoten,Arthur Verhoevenlaan,32, ,2900, , , ,0, , , ,0, ,2023-06-29T00:00:00Z,2023-06-29T00:00:00Z,4.49309067,51.24666246
10458689,6194346,0463223597,EX en Co, , , ,Rechtspersoon,Gewone commanditaire vennootschap,Normale toestand,Lariksdreef,32, ,2900,Schoten,Lariksdreef,32, ,2900, , , ,0, , , ,0, ,2003-01-19T00:00:00Z,1998-04-20T00:00:00Z,4.52095659,51.26407266
10460468,6196125,2350020582,Cocon Engineering,Cocon Engineering, ,1000166703, , , ,Taxanderlei,31, ,2900,Schoten,Taxanderlei,31, ,2900, , , ,0, , , ,0, ,2023-10-03T00:00:00Z,2023-09-22T00:00:00Z,4.51959437,51.25027516
10460534,6196191,2350256946,"Calliauw, Anneleen",Dos Cortados, ,1000912811, , , ,Wezelsebaan,196, ,2900,Schoten,Wezelsebaan,196, ,2900, , , ,0, , , ,0, ,2023-10-09T00:00:00Z,2023-10-09T00:00:00Z,4.53318364,51.26190183
10460545,6196202,2350259421,"Wiszniewski, Kamil",WK PROJECT, ,1000916076, , , ,Victor Adriaenssensstraat,59, ,2900,Schoten,Victor Adriaenssensstraat,59, ,2900, , , ,0, , , ,0, ,2023-10-09T00:00:00Z,2023-10-09T00:00:00Z,4.49777614,51.24568731
10461589,6197246,0799288215,"Vereniging van Mede-eigenaars van het appartementsgebouw ""Gebouw A"" te 2900 Schoten, Boekweitstraat 86", , , ,Rechtspersoon,Vereniging van Mede-eigenaars,Normale toestand,Boekweitstraat,86, ,2900,Schoten,Boekweitstraat,86, ,2900, , , ,0, , , ,0, ,2023-03-08T00:00:00Z,1995-08-01T00:00:00Z,4.50152447,51.25972689
10462017,6197674,0801429440,"Vereniging van Mede-eigenaars van het gebouw te 2900 Schoten, Heikantstraat 174", , , ,Rechtspersoon,Vereniging van Mede-eigenaars,Normale toestand,Heikantstraat,174, ,2900,Schoten,Heikantstraat,174, ,2900, , , ,0, , , ,0, ,2023-05-04T00:00:00Z,1995-08-01T00:00:00Z,4.51103747,51.25843387
10462643,6198300,0801411327,"Vereniging van Mede-eigenaars van het gebouw te 2900 Schoten, Jozef Cogelslei 26", , , ,Rechtspersoon,Vereniging van Mede-eigenaars,Normale toestand,Jozef Cogelslei,26, ,2900,Schoten,Jozef Cogelslei,26, ,2900, , , ,0, , , ,0, ,2023-05-04T00:00:00Z,1995-08-01T00:00:00Z,4.46288068,51.24407475
10463169,6198826,2345051808,Koen Linders,Koen Linders, ,0801551580, , , ,Zandstappenstraat,73, ,2900,Schoten,Zandstappenstraat,73, ,2900, , , ,0, , , ,0, ,2023-05-17T00:00:00Z,2023-05-08T00:00:00Z,4.5069515,51.25628748
10463384,6199041,2345499788,Annoto,Annoto, ,0801839513, , , ,Lotuslaan,45, ,2900,Schoten,Lotuslaan,45, ,2900, , , ,0, , , ,0, ,2023-06-02T00:00:00Z,2023-05-16T00:00:00Z,4.50777562,51.25955339
10463581,6199238,2345933518,HiDAcc,HiDAcc, ,0802604031, , , ,Zwanebloemlaan,34, ,2900,Schoten,Zwanebloemlaan,34, ,2900, , , ,0, , , ,0, ,2023-06-15T00:00:00Z,2023-06-11T00:00:00Z,4.51112092,51.2617259
10463609,6199266,2346155628,"Soens, Marilyn", , ,0802974809, , , ,Vinkenlei,31, ,2900,Schoten,Vinkenlei,31, ,2900, , , ,0, , , ,0, ,2023-06-21T00:00:00Z,2023-06-12T00:00:00Z,4.52337482,51.25794365
10464279,6199936,0806719306,"Vereniging van Mede-eigenaars van het gebouw 'Residentie Boekenborg' te Schoten, Boekenborglei", ,Residentie Boekenborg, ,Rechtspersoon,Vereniging van Mede-eigenaars,Normale toestand,Boekenborglei,ZN, ,2900,Schoten,Boekenborglei, , , , , , ,0, , , ,0, ,2008-09-30T00:00:00Z,2008-04-25T00:00:00Z,2.30668925,49.2933354
10464289,6199946,0806725442,KONINKLIJKE KATHOLIEKE TURN- EN SPORTVERENIGING HOU ENDE TROU MERKSEM, ,KKTSV  HOU ENDE TROU MERKSEM, ,Rechtspersoon,Vereniging zonder winstoogmerk,Normale toestand,Eugeen Verbiststraat,25, ,2900,Schoten,Eugeen Verbiststraat,25, ,2900, , , ,0, , , ,0, ,2008-09-30T00:00:00Z,2008-09-26T00:00:00Z,4.46611429,51.2521996
10464560,6200217,0801341051,"Vereniging van Mede-eigenaars van het gebouw te 2900 Schoten, Antoon Van Dijckstraat 13", , , ,Rechtspersoon,Vereniging van Mede-eigenaars,Normale toestand,Antoon Van Dijckstraat,13, ,2900,Schoten,Antoon Van Dijckstraat,13, ,2900, , , ,0, , , ,0, ,2023-05-02T00:00:00Z,1995-08-01T00:00:00Z,4.47297208,51.24449758
10464769,6200426,0802264432,NjaNja, , , ,Rechtspersoon,Vereniging zonder winstoogmerk,Normale toestand,Kopstraat,346-348, ,2900,Schoten,Kopstraat,346, ,2900, , , ,0, , , ,0, ,2023-05-31T00:00:00Z,2023-05-09T00:00:00Z,4.50488451,51.26116279
10465444,6201101,0806132158,"Vereniging van Mede-eigenaars van het gebouw te Schoten, Neerhoeve 21", , , ,Rechtspersoon,Vereniging van Mede-eigenaars,Normale toestand,Neerhoeve,21, ,2900,Schoten,Neerhoeve,21, ,2900, , , ,0, , , ,0, ,2008-09-03T00:00:00Z,2008-04-07T00:00:00Z,4.48830574,51.25135589
10465445,6201102,0806132356,"Vereniging van Mede-eigenaars van het gebouw Schoten, Sluizenstraat 6", , , ,Rechtspersoon,Vereniging van Mede-eigenaars,Normale toestand,Sluizenstraat,6, ,2900,Schoten,Sluizenstraat,6, ,2900, , , ,0, , , ,0, ,2008-09-03T00:00:00Z,2008-04-02T00:00:00Z,4.50785546,51.25174023
10465659,6201316,0464328508,Accordo, , , ,Rechtspersoon,Vereniging zonder winstoogmerk,Normale toestand,Plutostraat,9, ,2900,Schoten,Plutostraat,9, ,2900, , , ,0, , , ,0, ,2003-01-19T00:00:00Z,1998-06-08T00:00:00Z,4.46919642,51.24374954
10465728,6201385,0464678597,BEAU INVESTMENTS, , , ,Rechtspersoon,Naamloze vennootschap,Normale toestand,Listdreef,32/34, ,2900,Schoten,Listdreef,32, ,2900, , , ,0, , , ,0, ,2003-01-19T00:00:00Z,1998-11-23T00:00:00Z,4.47650493,51.2619615
10466722,6202379,0800603950,"Vereniging van Mede-eigenaars van Bedrijfsverzamelgebouwen F-G bedrijvenpark De Zwaan te 2900 Schoten, Brechtsebaan 913", , , ,Rechtspersoon,Vereniging van Mede-eigenaars,Normale toestand,Brechtsebaan,913, ,2900,Schoten,Brechtsebaan,913, ,2900, , , ,0, , , ,0, ,2023-04-11T00:00:00Z,2023-03-17T00:00:00Z,4.54976377,51.29599217
10467412,6203069,2350940302,AQUAFIN,RWZI Schoten, ,0440691388, , , ,Jozef Cogelslei,52, ,2900,Schoten,Jozef Cogelslei,52, ,2900, , , ,0, , , ,0, ,2023-10-24T00:00:00Z,2023-10-12T00:00:00Z,4.46315607,51.24162117
10467576,6203233,2351355521,"Pinas, Henriette",Henriette Pinas, ,1001838170, , , ,Toekomstlaan,217, ,2900,Schoten,Toekomstlaan,217, ,2900, , , ,0, , , ,0, ,2023-11-03T00:00:00Z,2023-11-02T00:00:00Z,4.46283399,51.24343464
10468019,6203676,2352216742,"Abrath, Edwig", , ,1002728491, , , ,Ruusbroecklei,5, ,2900,Schoten,Ruusbroecklei,5, ,2900, , , ,0, , , ,0, ,2023-11-28T00:00:00Z,2024-01-01T00:00:00Z,4.53170988,51.26437268
10468386,6204043,0801804869,"Vereniging van Mede-eigenaars van het gebouw te 2900 Schoten, Antoon Van Dijckstraat 12", , , ,Rechtspersoon,Vereniging van Mede-eigenaars,Normale toestand,Antoon Van Dijckstraat,12, ,2900,Schoten,Antoon Van Dijckstraat,12, ,2900, , , ,0, , , ,0, ,2023-05-16T00:00:00Z,1995-08-01T00:00:00Z,4.47218825,51.2449769
10470900,6206557,2347683872,Force Majeure Consultancy,Force Majeure Consultancy, ,0802698358, , , ,Alfons Servaislei,10, ,2900,Schoten,Alfons Servaislei,10, ,2900, , , ,0, , , ,0, ,2023-07-31T00:00:00Z,2023-06-13T00:00:00Z,4.51639625,51.25375759
10471013,6206670,2347918355,"Robberechts, Sam",New Scene communication, ,0804630638, , , ,Plantijnlei,35,4,2900,Schoten,Plantijnlei,35,4,2900, , , ,0, , , ,0, ,2023-08-08T00:00:00Z,2023-08-07T00:00:00Z,4.46597992,51.24789972
10471113,6206770,2348149373,DPS Training,DPS Training, ,0803985389, , , ,Narcislaan,24, ,2900,Schoten,Narcislaan,24, ,2900, , , ,0, , , ,0, ,2023-08-17T00:00:00Z,2023-07-14T00:00:00Z,4.50839152,51.25962196
10472151,6207808,0804733477,Metropool Invest, , , ,Rechtspersoon,Naamloze vennootschap,Normale toestand,Bredabaan,1165, ,2900,Schoten,Bredabaan,1165, ,2900, , , ,0, , , ,0, ,2023-08-10T00:00:00Z,2023-08-10T00:00:00Z,4.46500558,51.26116559
10474198,6209855,0803563044,Wilma Capital Management, , , ,Rechtspersoon,Besloten Vennootschap,Normale toestand,Botermelkdijk,500, ,2900,Schoten,Botermelkdijk,500, ,2900, , , ,0, , , ,0, ,2023-07-04T00:00:00Z,2023-07-04T00:00:00Z,4.53599597,51.28225117
10474390,6210047,0804222644,ARGEA, , , ,Rechtspersoon,Vennootschap of vereniging zonder rechtspersoonlijkheid,Normale toestand,Bosschaert de Bouwellei,7, ,2900,Schoten,Bosschaert de Bouwellei,7, ,2900, , , ,0, , , ,0, ,2023-07-24T00:00:00Z,2023-05-05T00:00:00Z,4.54283118,51.2618345
10474635,6210292,0805319734,RE-Move Coaching VZW, , , ,Rechtspersoon,Vereniging zonder winstoogmerk,Normale toestand,Beemdenlaan,79, ,2900,Schoten,Beemdenlaan,79, ,2900, , , ,0, , , ,0, ,2023-08-31T00:00:00Z,2023-08-31T00:00:00Z,4.50524419,51.24431697
10474648,6210305,2352425885,Lexan Investments, , ,0803798715, , , ,Dennenweg,28, ,2900,Schoten,Dennenweg,28, ,2900, , , ,0, , , ,0, ,2023-12-04T00:00:00Z,2023-07-10T00:00:00Z,4.51480441,51.28042822
10474669,6210326,2352429746,JG RETAIL,Delhaize Schoten, ,1002365534, , , ,Theofiel Van Cauwenberghslei,90, ,2900,Schoten,Theofiel Van Cauwenberghslei,90, ,2900, , , ,0, , , ,0, ,2023-12-04T00:00:00Z,2024-03-15T00:00:00Z,4.50577627,51.25195021
10475029,6210686,2353282653,JOMCO,JOMCO, ,1003508550, , , ,Laarsebeekdreef,26, ,2900,Schoten,Laarsebeekdreef,26, ,2900, , , ,0, , , ,0, ,2023-12-27T00:00:00Z,2024-01-01T00:00:00Z,4.50779687,51.28521643
10475115,6210772,2353297204,PC Grafix,PC Grafix, ,1003421052, , , ,Adriaan Brouwerstraat,27, ,2900,Schoten,Adriaan Brouwerstraat,27, ,2900, , , ,0, , , ,0, ,2023-12-28T00:00:00Z,2023-12-14T00:00:00Z,4.47838936,51.24448187
10475987,6211644,0805268363,"Deel Vereniging van Mede-eigenaars van de ""Residentie Elsenhof"" te 2900 Schoten, Lodewijk Weijtenstraat 37 (Blok III)", , , ,Rechtspersoon,Vereniging van Mede-eigenaars,Normale toestand,Lodewijk Weijtenstraat,37, ,2900,Schoten,Lodewijk Verheijenstraat,37, ,2900, , , ,0, , , ,0, ,2023-08-30T00:00:00Z,1995-08-01T00:00:00Z,4.46827116,51.25146031
10475991,6211648,0805269254,"Hoofd vereniging van Mede-eigenaars van de gebouwen te 2900 Schoten, Lodewijk Weijtenstraat 35-37", , , ,Rechtspersoon,Vereniging van Mede-eigenaars,Normale toestand,Lodewijk Weijtenstraat,35-37, ,2900,Schoten,Lodewijk Verheijenstraat,35, ,2900, , , ,0, , , ,0, ,2023-08-30T00:00:00Z,1995-08-01T00:00:00Z,4.46831242,51.25139843
10475993,6211650,0805269848,"Deel Vereniging van Mede-eigenaars van het Garagegebouw III te 2900 Schoten, Lodewijk Weijtenstraat 35-37", , , ,Rechtspersoon,Vereniging van Mede-eigenaars,Normale toestand,Lodewijk Weijtenstraat,35-37, ,2900,Schoten,Lodewijk Verheijenstraat,35, ,2900, , , ,0, , , ,0, ,2023-08-30T00:00:00Z,1995-08-01T00:00:00Z,4.46831242,51.25139843
10475995,6211652,0805270343,"Deel Vereniging van Mede-eigenaars van het Garagegebouw IV te 2900 Schoten, Lodewijk Weijtenstraat 35-37", , , ,Rechtspersoon,Vereniging van Mede-eigenaars,Normale toestand,Lodewijk Weijtenstraat,35-37, ,2900,Schoten,Lodewijk Verheijenstraat,35, ,2900, , , ,0, , , ,0, ,2023-08-30T00:00:00Z,1995-08-01T00:00:00Z,4.46831242,51.25139843
10475996,6211653,0805270442,"Deel Vereniging van Mede-eigenaars van het Garagegebouw V te 2900 Schoten, Lodewijk Weijtenstraat 35-37", , , ,Rechtspersoon,Vereniging van Mede-eigenaars,Normale toestand,Lodewijk Weijtenstraat,35-37, ,2900,Schoten,Lodewijk Verheijenstraat,35, ,2900, , , ,0, , , ,0, ,2023-08-30T00:00:00Z,1995-08-01T00:00:00Z,4.46831242,51.25139843
10478068,6213725,2349031974,'t Kroontje, , ,0804080312, , , ,Eethuisstraat,95, ,2900,Schoten,Eethuisstraat,95, ,2900, , , ,0,47621,2025,Detailhandel in kranten en andere tijdschriften,1, ,2023-09-11T00:00:00Z,2023-07-18T00:00:00Z,4.46241438,51.24844596
10478211,6213868,2349460655,Fero 65,Fero 65, ,0805156814, , , ,Gelmelenstraat,7, ,2900,Schoten,Gelmelenstraat,7, ,2900, , , ,0, , , ,0, ,2023-09-21T00:00:00Z,2023-08-28T00:00:00Z,4.49695668,51.25189309
10478346,6214003,2349696128,Candor Consult,Candor Consult, ,0805912127, , , ,Goudvinkendreef,3, ,2900,Schoten,Goudvinkendreef,3, ,2900, , , ,0, , , ,0, ,2023-09-27T00:00:00Z,2023-10-01T00:00:00Z,4.52472932,51.2437017
10478492,6214149,2349933480,"Livens, Griet",Verilis, ,1000553614, , , ,Villerslei,174, ,2900,Schoten,Villerslei,174, ,2900, , , ,0, , , ,0, ,2023-10-02T00:00:00Z,2023-10-01T00:00:00Z,4.51973025,51.25118505
10478730,6214387,0816717036,Joeri Verlinde, , , ,Rechtspersoon,Vennootschap onder firma,Normale toestand,Rodeborgstraat,95, ,2900,Schoten,Rodeborgstraat,95, ,2900, , , ,0, , , ,0, ,2009-07-02T00:00:00Z,2009-07-01T00:00:00Z,4.50175855,51.25443702
10479037,6214694,0818164415,"Vereniging van Mede-eigenaars van residentie IEPENBURG fase II te 2900 Schoten, Alfons Servaislei 92 en 94", ,Residentie Iepenburg fase II, ,Rechtspersoon,Vereniging van Mede-eigenaars,Normale toestand,Alfons Servaislei,92-94, ,2900,Schoten,Alfons Servaislei,92, ,2900, , , ,0, , , ,0, ,2009-08-31T00:00:00Z,2009-04-17T00:00:00Z,4.53399516,51.25352246
10479804,6215461,0811742025,"Vereniging van Mede-eigenaars van het gebouw te Schoten, Heikantstraat 246-248", , , ,Rechtspersoon,Vereniging van Mede-eigenaars,Normale toestand,Heikantstraat,246-248, ,2900,Schoten,Heikantstraat,246, ,2900, , , ,0, , , ,0, ,2009-05-14T00:00:00Z,2009-03-06T00:00:00Z,4.51363388,51.26014198
10482331,6217988,2354961347,ANN VERBUYST,ANN VERBUYST, ,1004967708, , , ,Villerslei,176, ,2900,Schoten,Villerslei,176, ,2900, , , ,0, , , ,0, ,2024-01-31T00:00:00Z,2024-01-19T00:00:00Z,4.51993017,51.25095865
10485981,6221638,0820385319,Doktershuis De Brug  fv, , , ,Rechtspersoon,Vennootschap of vereniging zonder rechtspersoonlijkheid,Normale toestand,Villerslei,2, ,2900,Schoten,Villerslei,2, ,2900, , , ,0,86210,2025,Activiteiten van huisartspraktijken,1,1 tot 4,2009-11-06T00:00:00Z,2009-09-21T00:00:00Z,4.50791024,51.25214266
10486004,6221661,0820394920,"ARTSENPRAKTIJK DERO ISABEL, gastroenterologie", , , ,Rechtspersoon,Besloten Vennootschap,Normale toestand,Eekhoornlei,12, ,2900,Schoten,Eekhoornlei,12, ,2900, , , ,0, , , ,0, ,2009-11-09T00:00:00Z,2009-11-03T00:00:00Z,4.52542014,51.26096694
10486143,6221800,0821249609,SPORT SITE BOECKENBERG, ,SSB, ,Rechtspersoon,Vereniging zonder winstoogmerk,Normale toestand,Asbroeklaan,8, ,2900,Schoten,Asbroeklaan,8, ,2900, , , ,0, , , ,0, ,2009-12-09T00:00:00Z,2009-11-28T00:00:00Z,4.48068336,51.25241943
10486597,6222254,0811764393,Handbalclub Schoten, ,HCS, ,Rechtspersoon,Vereniging zonder winstoogmerk,Normale toestand,Eugeen Verbiststraat,44, ,2900,Schoten,Eugeen Verbiststraat,44, ,2900, , , ,0, , , ,0, ,2009-05-15T00:00:00Z,2009-05-07T00:00:00Z,4.46611463,51.25283723
10487141,6222798,0819616544,"Vereniging van Mede-eigenaars van het gebouw te Schoten, Kuipersstraat 5/7", , , ,Rechtspersoon,Vereniging van Mede-eigenaars,Normale toestand,Kuipersstraat,5/7, ,2900,Schoten,Kuipersstraat,5, ,2900, , , ,0, , , ,0, ,2009-10-14T00:00:00Z,2009-08-12T00:00:00Z,4.49671194,51.24983226
10488988,6224645,0812132597,GEI DO, , , ,Rechtspersoon,Vereniging zonder winstoogmerk,Normale toestand,Salvialei,61,1,2900,Schoten,Salvialei,61,1,2900, , , ,0, , , ,0, ,2009-06-08T00:00:00Z,2008-11-15T00:00:00Z,4.45817283,51.24591672
10489192,6224849,2356055368,Vikos Consult,Vikos Consult, ,1006037577, , , ,Lotuslaan,16, ,2900,Schoten,Lotuslaan,16, ,2900, , , ,0, , , ,0, ,2024-02-26T00:00:00Z,2024-02-15T00:00:00Z,4.50809394,51.25922422
10489208,6224865,2356058932,"Dirkx, Tom", , ,0784105240, , , ,Veerhuisdreef,27, ,2900,Schoten,Veerhuisdreef,27, ,2900, , , ,0, , , ,0, ,2024-02-26T00:00:00Z,2024-02-21T00:00:00Z,4.51299947,51.25946981
10489593,6225250,2356915007,ODEGARDEN CONSULTING,ODEGARDEN CONSULTING, ,1006779232, , , ,Lode Vleeshouwerslaan,53, ,2900,Schoten,Lode Vleeshouwerslaan,53, ,2900, , , ,0, , , ,0, ,2024-03-15T00:00:00Z,2024-03-05T00:00:00Z,4.46536211,51.26395975
10489855,6225512,0809092044,Parkpraktijk FU, , , ,Rechtspersoon,Vennootschap of vereniging zonder rechtspersoonlijkheid,Normale toestand,Jozef Hendrickxstraat,64, ,2900,Schoten,Jozef Hendrickxstraat,64, ,2900, , , ,0,86210,2025,Activiteiten van huisartspraktijken,1,1 tot 4,2009-01-14T00:00:00Z,2009-01-01T00:00:00Z,4.49146016,51.24929819
10491381,6227038,0819352763,INDIA'S ORPHANS, ,WFC, ,Rechtspersoon,Vereniging zonder winstoogmerk,Normale toestand,Paalstraat,68,3,2900,Schoten,Paalstraat,68,3,2900, , , ,0, , , ,0, ,2009-10-07T00:00:00Z,2009-06-29T00:00:00Z,4.50115156,51.2521963
10492271,6227928,2352338486,"El Ajaji, Islam",Isi, ,1002850831, , , ,Deuzeldlaan,153, ,2900,Schoten,Deuzeldlaan,153, ,2900, , , ,0, , , ,0, ,2023-11-30T00:00:00Z,2024-01-02T00:00:00Z,4.4607368,51.24502148
10492332,6227989,2352545750,Ortho-Praxis,Ortho-Praxis, ,0805748019, , , ,Bredabaan,1175, ,2900,Schoten,Bredabaan,1175, ,2900, , , ,0,86230,2025,Activiteiten van tandartspraktijken,1, ,2023-12-07T00:00:00Z,2023-09-12T00:00:00Z,4.46455703,51.26143471
10494214,6229871,0823530691,"Vereniging van Mede-eigenaars van het gebouw te Schoten, achter het pand Braamstraat 153, uitgevend op de hofstraat", , , ,Rechtspersoon,Vereniging van Mede-eigenaars,Normale toestand,Braamstraat,ZN, ,2900,Schoten,Braamstraat, , , , , , ,0, , , ,0, ,2010-03-01T00:00:00Z,2007-08-07T00:00:00Z,2.30668925,49.2933354
10495291,6230948,1003235366,NOVA Properties, , , ,Rechtspersoon,Besloten Vennootschap,Normale toestand,Hermelijnlaan,41, ,2900,Schoten,Hermelijnlaan,41, ,2900, , , ,0, , , ,0, ,2023-12-11T00:00:00Z,2023-12-11T00:00:00Z,4.51747325,51.26872663
10496343,6232000,2357793351,G.C.T. Logistics,G.C.T. Logistics, ,0898108845, , , ,Wasserijstraat,57, ,2900,Schoten,Wasserijstraat,57, ,2900, , , ,0, , , ,0, ,2024-04-05T00:00:00Z,2024-03-18T00:00:00Z,4.46968986,51.23847423
10497294,6232951,0818715731,TRIFORIUM, , , ,Rechtspersoon,Vereniging zonder winstoogmerk,Normale toestand,Fortbaan,13, ,2900,Schoten,Fortbaan,13, ,2900, , , ,0, , , ,0, ,2009-09-21T00:00:00Z,2009-08-31T00:00:00Z,4.52101596,51.27486843
10498913,6234570,0822641162,SURFCAST FLANDERS, ,SF VZW, ,Rechtspersoon,Vereniging zonder winstoogmerk,Normale toestand,Braamstraat,181,B,2900,Schoten,Braamstraat,181, ,2900, , , ,0, , , ,0, ,2010-01-27T00:00:00Z,2010-01-09T00:00:00Z,4.49314614,51.24172017
10499024,6234681,0823171890,ANOUSCHKA VAN DRIESSCHE, , , ,Rechtspersoon,Besloten Vennootschap,Normale toestand,Ruitersdreef,11, ,2900,Schoten,Ruitersdreef,11, ,2900, , , ,0, , , ,0, ,2010-02-15T00:00:00Z,2010-02-12T00:00:00Z,4.53897492,51.29716878
10499264,6234921,2353804176,Renovatiewerken De Rop,Renovatiewerken De Rop, ,1003275552, , , ,Jupiterlaan,9, ,2900,Schoten,Jupiterlaan,9, ,2900, , , ,0, , , ,0, ,2024-01-10T00:00:00Z,2023-12-12T00:00:00Z,4.52309216,51.27678858
10499466,6235123,2354232461,L&O Finance, , ,0628788840, , , ,Paalstraat,148, ,2900,Schoten,Paalstraat,148, ,2900, , , ,0, , , ,0, ,2024-01-17T00:00:00Z,2023-12-12T00:00:00Z,4.50361004,51.25469333
10499562,6235219,2354450217,"Pauwels, Axel",DJ AP, ,1004982752, , , ,Adriaan Brouwerstraat,49, ,2900,Schoten,Adriaan Brouwerstraat,49, ,2900, , , ,0, , , ,0, ,2024-01-22T00:00:00Z,2024-01-22T00:00:00Z,4.4796063,51.24429062
10499746,6235403,2354873354,"Van Looveren, Kathy",Maracujá, ,1005311166, , , ,Rodeborgstraat,110, ,2900,Schoten,Rodeborgstraat,110, ,2900, , , ,0, , , ,0, ,2024-01-30T00:00:00Z,2024-02-01T00:00:00Z,4.50239056,51.25425915
10502099,6237756,0507694535,"Vereniging van Mede-eigenaars van het gebouw te Schoten, Heikantstraat 86", , , ,Rechtspersoon,Vereniging van Mede-eigenaars,Normale toestand,Heikantstraat,86, ,2900,Schoten,Heikantstraat,86, ,2900, , , ,0, , , ,0, ,2014-12-23T00:00:00Z,2014-09-23T00:00:00Z,4.5103141,51.25516157
10502569,6238226,1006155165,"Vereniging van Mede-eigenaars van de Residentie Polus te 2900 Schoten, Paalstraat 35-37", , , ,Rechtspersoon,Vereniging van Mede-eigenaars,Normale toestand,Paalstraat,35-37, ,2900,Schoten,Paalstraat,35, ,2900, , , ,0, , , ,0, ,2024-02-19T00:00:00Z,2024-02-01T00:00:00Z,4.49960308,51.25198528
10502731,6238388,0820101445,Dr. S. De Man, , , ,Rechtspersoon,Besloten Vennootschap,Normale toestand,Priorijlaan,14, ,2900,Schoten,Priorijlaan,14, ,2900, , , ,0, , , ,0, ,2009-10-27T00:00:00Z,2009-10-27T00:00:00Z,4.53024109,51.25156839
10503452,6239109,2359499264,"Scholtens, Olaf",Mr Sonny Boy, ,1006798335, , , ,Gazellendreef,16, ,2900,Schoten,Gazellendreef,16, ,2900, , , ,0, , , ,0, ,2024-05-22T00:00:00Z,2024-03-05T00:00:00Z,4.50234463,51.27022737
10506495,6242152,2355738139,Mirthi Consult,Mirthi Consult, ,1005266527, , , ,Nerviërslei,8, ,2900,Schoten, , , , , , , ,0, , , ,0, ,2024-02-19T00:00:00Z,2024-01-26T00:00:00Z,2.30668925,49.2933354
10506571,6242228,2355754371,Maison Margrite,Maison Margrite, ,1004731839, , , ,Rozenlaan,5, ,2900,Schoten,Rozenlaan,5, ,2900, , , ,0, , , ,0, ,2024-02-19T00:00:00Z,2024-01-16T00:00:00Z,4.50583141,51.25761681
10506682,6242339,2356172362,"Joris, Bart",BardyQ, ,1006133290, , , ,Zandstappenstraat,65, ,2900,Schoten,Zandstappenstraat,65, ,2900, , , ,0, , , ,0, ,2024-02-28T00:00:00Z,2024-02-19T00:00:00Z,4.50665233,51.25621197
10506717,6242374,2356180082,NJ Ruitenwasserij,NJ Ruitenwasserij, ,1005891879, , , ,Schotenhofdreef,42, ,2900,Schoten,Schotenhofdreef,42, ,2900, , , ,0, , , ,0, ,2024-02-28T00:00:00Z,2024-01-02T00:00:00Z,4.51305023,51.25663089
10507366,6243023,0830875868,"Vereniging van Mede-eigenaars van Domein ""De List"" - Eerste Residentie ""Conti"" te Schoten, Listdreef 20-22-24", ,De List - Residentie Conti, ,Rechtspersoon,Vereniging van Mede-eigenaars,Normale toestand,Listdreef,20-22-24, ,2900,Schoten,Listdreef,20, ,2900, , , ,0, , , ,0, ,2010-11-04T00:00:00Z,1995-08-01T00:00:00Z,4.4748905,51.26287905
10507367,6243024,0830876066,"Vereniging van Mede-eigenaars van Domein ""De List"" - Derde Residentie ""Richebourg"" te Schoten, Listdreef 32-34", ,De List - Residentie Richebourg, ,Rechtspersoon,Vereniging van Mede-eigenaars,Normale toestand,Listdreef,32-34, ,2900,Schoten,Listdreef,32, ,2900, , , ,0, , , ,0, ,2010-11-04T00:00:00Z,1995-08-01T00:00:00Z,4.47650493,51.2619615
10509483,6245140,1007710729,ELTECO, , , ,Rechtspersoon,Vennootschap of vereniging zonder rechtspersoonlijkheid,Normale toestand,Brechtsebaan,77, ,2900,Schoten,Brechtsebaan,77, ,2900, , , ,0, , , ,0, ,2024-03-28T00:00:00Z,2024-03-04T00:00:00Z,4.51241297,51.26718082
10509676,6245333,1008658062,Janssen Property Finance, , , ,Rechtspersoon,Vennootschap onder firma,Normale toestand,Eekhoornlei,25, ,2900,Schoten,Eekhoornlei,25, ,2900, , , ,0, , , ,0, ,2024-04-22T00:00:00Z,2024-04-22T00:00:00Z,4.52679948,51.26435196
10510593,6246250,2361165585,"Bresseleers, Catô",Cato Bresseleers, ,1011214310, , , ,Kuipersstraat,69, ,2900,Schoten,Kuipersstraat,69, ,2900, , , ,0, , , ,0, ,2024-07-08T00:00:00Z,2024-09-02T00:00:00Z,4.49589237,51.25231553
10510629,6246286,2361353350,"Van Schoor, Vincent",Van Schoor Vincent, ,1010955972, , , ,Graaf Joseph de Pretstraat,20, ,2900,Schoten,Graaf Joseph de Pretstraat,20, ,2900, , , ,0, , , ,0, ,2024-07-11T00:00:00Z,2024-07-01T00:00:00Z,4.49037983,51.2557831
10510710,6246367,2361563582,driemaal woordwaarde,driemaal woordwaarde, ,1011271916, , , ,Kuipersstraat,58, ,2900,Schoten,Kuipersstraat,58, ,2900, , , ,0, , , ,0, ,2024-07-17T00:00:00Z,2024-07-08T00:00:00Z,4.49660101,51.25151624
10510752,6246409,2361571007,Shibumy,Shibumy, ,1011561134, , , ,Botermelkbaan,55, ,2900,Schoten,Botermelkbaan,55, ,2900, , , ,0, , , ,0, ,2024-07-17T00:00:00Z,2024-07-15T00:00:00Z,4.53792765,51.26928382
10510787,6246444,2361757186,"Brockx, Jovi",Brockx Jovi, ,1011739296, , , ,Verbertstraat,63, ,2900,Schoten,Verbertstraat,63, ,2900, , , ,0, , , ,0, ,2024-07-23T00:00:00Z,2024-07-22T00:00:00Z,4.49940611,51.2465865
10510893,6246550,2361962965,Boya Engineering,Boya Engineering, ,1011670111, , , ,Kanaaldijk,355, ,2900,Schoten,Kanaaldijk,355, ,2900, , , ,0, , , ,0, ,2024-07-29T00:00:00Z,2024-07-17T00:00:00Z,4.50049644,51.2365295
10511044,6246701,2362182008,EvinaA,EvinaA, ,1012068207, , , ,Theofiel Van Cauwenberghslei,16, ,2900,Schoten,Theofiel Van Cauwenberghslei,16, ,2900, , , ,0, , , ,0, ,2024-08-06T00:00:00Z,2024-07-31T00:00:00Z,4.50211045,51.25243511
10512944,6248601,0828593202,"Vereniging van Mede-eigenaars van het gebouw te Schoten, Heikantstraat 170", , , ,Rechtspersoon,Vereniging van Mede-eigenaars,Normale toestand,Heikantstraat,170, ,2900,Schoten,Heikantstraat,170, ,2900, , , ,0, , , ,0, ,2010-08-19T00:00:00Z,1995-08-01T00:00:00Z,4.51094495,51.25825484
10513014,6248671,0828939828,"Vereniging van Mede-eigenaars van Residentie ""Hof van Acaria"" te Schoten, Alfons Servaislei 18", ,Residentie Hof van Acaria, ,Rechtspersoon,Vereniging van Mede-eigenaars,Normale toestand,Alfons Servaislei,18, ,2900,Schoten,Alfons Servaislei,18, ,2900, , , ,0, , , ,0, ,2010-09-02T00:00:00Z,1995-08-01T00:00:00Z,4.51690382,51.25450181
10513351,6249008,2357030516,"Rijk, Sander", , ,1007298379, , , ,Peerdsbosbaan,23, ,2900,Schoten,Peerdsbosbaan,23, ,2900, , , ,0, , , ,0, ,2024-03-19T00:00:00Z,2024-01-01T00:00:00Z,4.48018132,51.26853845
10513808,6249465,2357924993,"Van Broeck, Karin",Porters en co, ,0771628961, , , ,Amerlolaan,35, ,2900,Schoten,Amerlolaan,35, ,2900, , , ,0, , , ,0, ,2024-04-09T00:00:00Z,2024-04-15T00:00:00Z,4.48215639,51.25466338
10514105,6249762,2358579843,Desmaretz Jan,Desmaretz Jan, ,1008326480, , , ,Albert Dineurlaan,37, ,2900,Schoten,Albert Dineurlaan,37, ,2900, , , ,0, , , ,0, ,2024-04-24T00:00:00Z,2024-04-12T00:00:00Z,4.51240802,51.2560158
10514808,6250465,0828122751,DR. DE JONGH KATRIJN, , , ,Rechtspersoon,Besloten vennootschap met beperkte aansprakelijkheid,Normale toestand,Edgar Tinellaan,12, ,2900,Schoten,Edgar Tinellaan,12, ,2900, , , ,0, , , ,0, ,2010-07-28T00:00:00Z,2010-07-19T00:00:00Z,4.46997104,51.26301417
10515660,6251317,0834351042,"Vereniging van Mede-eigenaars van 'Residentie Jordaens' te Schoten, Cornelius De Vosstraat 5", ,Residentie Jordaens, ,Rechtspersoon,Vereniging van Mede-eigenaars,Normale toestand,Cornelius De Vosstraat,5, ,2900,Schoten,Cornelius De Vosstraat,5, ,2900, , , ,0, , , ,0, ,2011-03-08T00:00:00Z,1995-08-01T00:00:00Z,4.46569287,51.24890269
10516384,6252041,1009597477,Coupé Capital, , , ,Rechtspersoon,Besloten Vennootschap,Normale toestand,Frans Reinemundlei,28, ,2900,Schoten,Frans Reinemundlei,28, ,2900, , , ,0, , , ,0, ,2024-05-23T00:00:00Z,2024-05-23T00:00:00Z,4.53017092,51.2596832
10516591,6252248,1010480771,"Vereniging van Mede-eigenaars van het gebouw te 2900 Schoten, Antoon Wolfsstraat 13", , , ,Rechtspersoon,Vereniging van Mede-eigenaars,Normale toestand,Antoon Wolfsstraat,13, ,2900,Schoten,Antoon Wolfsstraat,13, ,2900, , , ,0, , , ,0, ,2024-06-18T00:00:00Z,1995-08-01T00:00:00Z,4.48803578,51.25425732
10516973,6252630,0827557973,TEACHERS TRAVEL WEB VZW, , , ,Rechtspersoon,Vereniging zonder winstoogmerk,Normale toestand,Junolaan,17, ,2900,Schoten,Junolaan,17, ,2900, , , ,0, , , ,0, ,2010-07-06T00:00:00Z,2010-07-04T00:00:00Z,4.52141746,51.27816964
10517454,6253111,0830303568,"Vereniging van Mede-eigenaars van het gebouw te Schoten, Pasteurlaan 12-14", , , ,Rechtspersoon,Vereniging van Mede-eigenaars,Normale toestand,Pasteurlaan,12-14, ,2900,Schoten,Pasteurlaan,12, ,2900, , , ,0, , , ,0, ,2010-10-15T00:00:00Z,1995-08-01T00:00:00Z,4.50027794,51.25384205
10517692,6253349,2362788455,"Caals, Aline", , ,1012821243, , , ,Kopstraat,246, ,2900,Schoten,Kopstraat,246, ,2900, , , ,0, , , ,0, ,2024-08-27T00:00:00Z,2024-09-01T00:00:00Z,4.49990155,51.25881073
10517753,6253410,2362988888,"Verhaegen, Jona", , ,1013013659, , , ,Heikantstraat,41A,2,2900,Schoten,Heikantstraat,41A,2,2900, , , ,0, , , ,0, ,2024-09-02T00:00:00Z,2024-09-01T00:00:00Z,4.51027299,51.25408249
10518000,6253657,2363607809,"De Cort, Michelle",Michelle De Cort, ,1013025438, , , ,Eburonenlei,11, ,2900,Schoten,Eburonenlei,11, ,2900, , , ,0, , , ,0, ,2024-09-17T00:00:00Z,2024-10-02T00:00:00Z,4.52720555,51.26788757
10518844,6254501,0827425935,"Dr. Anja Van der Stappen, radioloog", , , ,Rechtspersoon,Besloten Vennootschap,Normale toestand,Anton Van de Veldelaan,25, ,2900,Schoten,Anton Van de Veldelaan,25, ,2900, , , ,0, , , ,0, ,2010-07-01T00:00:00Z,2010-07-01T00:00:00Z,4.46800586,51.26613072
10519309,6254966,0830177666,Reynaert, , , ,Rechtspersoon,Besloten Vennootschap,Normale toestand,Jozef Cogelslei,31, ,2900,Schoten,Jozef Cogelslei,31, ,2900, , , ,0, , , ,0, ,2010-10-12T00:00:00Z,2010-09-27T00:00:00Z,4.4637384,51.24270973
10520878,6256535,2359418892,"Volders, Jill",Jill Volders, ,1009498103, , , ,August Jonckersstraat,50, ,2900,Schoten,August Jonckersstraat,50, ,2900, , , ,0, , , ,0, ,2024-05-21T00:00:00Z,2024-06-01T00:00:00Z,4.50047684,51.25734968
10521797,6257454,0838877081,"Vereniging van Mede-eigenaars van het gebouw te Schoten, Neerhoeve 15", , , ,Rechtspersoon,Vereniging van Mede-eigenaars,Normale toestand,Neerhoeve,15, ,2900,Schoten,Neerhoeve,15, ,2900, , , ,0, , , ,0, ,2011-08-30T00:00:00Z,1995-08-01T00:00:00Z,4.48784288,51.25131709
10522869,6258526,0837852643,Vereniging van Mede-eigenaars van het gebouw Heikantstraat 1 te Schoten, , , ,Rechtspersoon,Vereniging van Mede-eigenaars,Normale toestand,Heikantstraat,1, ,2900,Schoten,Heikantstraat,1, ,2900, , , ,0, , , ,0, ,2011-07-13T00:00:00Z,1995-08-01T00:00:00Z,4.50999574,51.25273646
10524886,6260543,2364656694,"Hoet, Yves",Yves Hoet, ,1014286042, , , ,Kopstraat,316, ,2900,Schoten,Kopstraat,316, ,2900, , , ,0, , , ,0, ,2024-10-09T00:00:00Z,2024-10-01T00:00:00Z,4.50271333,51.26057241
10525199,6260856,2365278979,Mario & Cindy,Mario & Cindy, ,1014276342, , , ,Paalstraat,78, ,2900,Schoten,Paalstraat,78, ,2900, , , ,0,56112,2025,"Activiteiten van eetgelegenheden met beperkte bediening, m.u.v. mobiele eetgelegenheden",1, ,2024-10-23T00:00:00Z,2024-09-27T00:00:00Z,4.50141771,51.25245711
10525265,6260922,2365482085,TRIXXO IV,Trixxo Schoten, ,0894524496, , , ,Paalstraat,73, ,2900,Schoten,Paalstraat,73, ,2900, , , ,0, , , ,0, ,2024-10-28T00:00:00Z,2024-11-01T00:00:00Z,4.50101259,51.25273548
10525481,6261138,0830613374,"Vereniging van Mede-eigenaars van Domein ""De List"" - Tweede Residentie - ""La Tache"" te Schoten, Listdreef 26-28-30", ,"Domein ""De List"" - Residentie ""La Tache""", ,Rechtspersoon,Vereniging van Mede-eigenaars,Normale toestand,Listdreef,26-28-30, ,2900,Schoten,Listdreef,26, ,2900, , , ,0, , , ,0, ,2010-10-25T00:00:00Z,1995-08-01T00:00:00Z,4.47598114,51.26268679
10526500,6262157,0833320367,"Vereniging van Mede-eigenaars van de Residentie te 2900 Schoten, Villerslei 73", , , ,Rechtspersoon,Vereniging van Mede-eigenaars,Normale toestand,Villerslei,73, ,2900,Schoten,Villerslei,73, ,2900, , , ,0, , , ,0, ,2011-02-01T00:00:00Z,2010-12-01T00:00:00Z,4.51152572,51.25254667
10527763,6263420,2360456495,Jordan Hall,Jordan Hall, ,1010457512, , , ,Rodeborgstraat,86, ,2900,Schoten,Rodeborgstraat,86, ,2900, , , ,0, , , ,0, ,2024-06-18T00:00:00Z,2024-07-01T00:00:00Z,4.50141414,51.25411509
10527962,6263619,2361056709,"Janssens, Natalie",Voetzorgexpert, ,0822633145, , , ,Vinkenlei,18, ,2900,Schoten,Vinkenlei,18, ,2900, , , ,0, , , ,0, ,2024-07-04T00:00:00Z,2024-09-01T00:00:00Z,4.52417738,51.25737193
10528233,6263890,2361494395,Luc-Real Estate Consult,Luc-Real Estate Consult, ,1011352781, , , ,Sint-Maria-ten-Boslei,12,2,2900,Schoten,Sint-Maria-ten-Boslei,12,2,2900, , , ,0, , , ,0, ,2024-07-16T00:00:00Z,2024-07-09T00:00:00Z,4.53196767,51.26837947
10529375,6265032,0836188795,"Vereniging van Mede-eigenaars van ""Garages Cornelius de Vosstraat 5-13"" te Schoten", , , ,Rechtspersoon,Vereniging van Mede-eigenaars,Normale toestand,Cornelius De Vosstraat,5-13, ,2900,Schoten,Cornelius De Vosstraat,5, ,2900, , , ,0, , , ,0, ,2011-05-11T00:00:00Z,1995-08-01T00:00:00Z,4.46569287,51.24890269
10530443,6266100,0561777973,"Vereniging van Mede-eigenaars van de residentie te Schoten, Tulpenlaan 56-58", , , ,Rechtspersoon,Vereniging van Mede-eigenaars,Normale toestand,Tulpenlaan,56-58, ,2900,Schoten,Tulpenlaan,56, ,2900, , , ,0, , , ,0, ,2014-09-09T00:00:00Z,2014-07-22T00:00:00Z,4.50919648,51.25920296
10531399,6267056,0834280073,"Vereniging van Mede-eigenaars van het gebouw te Schoten, Kuipersakkerstraat 29", , , ,Rechtspersoon,Vereniging van Mede-eigenaars,Normale toestand,Kuipersakkerstraat,29, ,2900,Schoten,Kuipersakkerstraat,29, ,2900, , , ,0, , , ,0, ,2011-03-04T00:00:00Z,1995-08-01T00:00:00Z,4.50999765,51.25106077
10532204,6267861,2366495241,JVH fx Trading,JVH fx Trading, ,1016050749, , , ,Verbertstraat,73, ,2900,Schoten,Verbertstraat,73, ,2900, , , ,0, , , ,0, ,2024-11-26T00:00:00Z,2024-11-08T00:00:00Z,4.49957098,51.24639783
10532244,6267901,2366682709,NYHAVN,NYHAVN, ,1010992792, , , ,Meibloemlei,5, ,2900,Schoten,Meibloemlei,5, ,2900, , , ,0, , , ,0, ,2024-11-30T00:00:00Z,2024-07-01T00:00:00Z,4.53081614,51.26284501
10534146,6269803,0840089383,"Vereniging van Mede-eigenaars van het appartementsgebouw te Schoten, Heikantstraat 142-144", , , ,Rechtspersoon,Vereniging van Mede-eigenaars,Normale toestand,Heikantstraat,142-144, ,2900,Schoten,Heikantstraat,142, ,2900, , , ,0, , , ,0, ,2011-10-10T00:00:00Z,2011-09-19T00:00:00Z,4.51024008,51.25700408
